Code,1-Yield_C_Mean,2-BD_C_Mean,3-OC_C_Mean,4-N_C_Mean,5-Aggre_C_Mean,6-Infiltration_C_Mean,7-Ksat_C_Mean,8-Erosion_C_Mean,9-Runoff_C_Mean,10-Leaching_C_Mean,11-Weed_C_Mean,12-MBC_C_Mean,13-MBN_C_Mean
Arid_Corn_Grass_Coarse,-25.35071893,-3.742964281,18.64063339,-23.35947935,4.502874112,74.3849314,4.848620842,-64.79775419,-73.35195517,-61.8666331,-45.10739563,13.29011089,5.061637066
Arid_Corn_Grass_Fine,-25.35071893,-3.742964281,18.64063339,-23.35947935,17.16363701,74.3849314,4.848620842,-64.79775419,-73.35195517,-61.8666331,-45.10739563,30.23198657,27.97011268
Arid_Corn_Grass_Medium,-25.35071893,-2.923907192,18.6051385,-23.35947935,3.165748078,74.3849314,4.848620842,-64.79775419,-73.35195517,-61.8666331,-45.10739563,3.689410312,-4.28437399
Arid_Corn_Grass_NotAvailable,-25.35071893,-3.279677905,18.64063339,-23.35947935,2.865503927,74.3849314,4.848620842,-64.79775419,-73.35195517,-61.8666331,-45.10739563,13.29011089,5.061637066
Arid_Corn_Legume_Coarse,-25.39454944,-3.742964281,27.28527891,-31.47566516,4.502874112,74.3849314,4.848620842,-64.79775419,-73.35195517,-61.8666331,-45.10739563,16.86679087,-19.72270451
Arid_Corn_Legume_Fine,-25.39454944,-3.742964281,29.88371822,-28.09068892,59.43379633,74.3849314,4.848620842,-64.79775419,-73.35195517,-61.8666331,-45.10739563,16.86679087,-19.5117732
Arid_Corn_Legume_Medium,-25.39454944,-5.218677886,20.99036402,-34.18227853,-38.25925218,74.3849314,4.848620842,-64.79775419,-73.35195517,-61.8666331,-45.10739563,16.86679087,-19.72270451
Arid_Corn_Legume_NotAvailable,-25.39454944,-3.279677905,27.28527891,-31.47566516,2.865503927,74.3849314,4.848620842,-64.79775419,-73.35195517,-61.8666331,-45.10739563,16.86679087,-19.72270451
Arid_Corn_MTT_Coarse,-25.35071893,-3.742964281,21.03076701,21.88231416,4.502874112,74.3849314,4.848620842,-64.79775419,-73.35195517,-61.8666331,-45.10739563,42.14222991,54.14557133
Arid_Corn_MTT_Fine,-25.35071893,-3.742964281,21.03076701,21.88231416,99.59380004,74.3849314,4.848620842,-64.79775419,-73.35195517,-61.8666331,-45.10739563,42.14222991,54.14557133
Arid_Corn_MTT_Medium,-25.35071893,-4.06112915,21.03076701,21.88231416,-13.4629919,74.3849314,4.848620842,-64.79775419,-73.35195517,-61.8666331,-45.10739563,42.14222991,54.14557133
Arid_Corn_MTT_NotAvailable,-25.35071893,-3.180399666,21.18056241,21.76794331,2.874272993,74.3849314,4.848620842,-64.79775419,-73.35195517,-61.8666331,-45.10739563,41.58027726,54.62156191
Arid_Corn_OtherCC_Coarse,-28.34796465,-3.742964281,-12.1521466,-23.35947935,4.502874112,74.3849314,4.848620842,-64.79775419,-73.35195517,-61.8666331,-45.10739563,25.10331125,11.31576034
Arid_Corn_OtherCC_Fine,-28.34796465,-3.742964281,-12.1521466,-23.35947935,99.59380004,74.3849314,4.848620842,-64.79775419,-73.35195517,-61.8666331,-45.10739563,25.10331125,11.31576034
Arid_Corn_OtherCC_Medium,-28.34796465,-4.06112915,-12.1521466,-23.35947935,-13.4629919,74.3849314,4.848620842,-64.79775419,-73.35195517,-61.8666331,-45.10739563,25.10331125,11.31576034
Arid_Corn_OtherCC_NotAvailable,-28.34796465,-3.279677905,-12.1521466,-23.35947935,2.865503927,74.3849314,4.848620842,-64.79775419,-73.35195517,-61.8666331,-45.10739563,25.10331125,11.31576034
Arid_CS_Grass_Coarse,-25.35071893,-3.742964281,18.64063339,-23.35947935,4.502874112,74.3849314,4.848620842,-64.79775419,-73.35195517,-61.8666331,-45.10739563,13.29011089,5.061637066
Arid_CS_Grass_Fine,-25.35071893,-3.742964281,18.64063339,-23.35947935,17.16363701,74.3849314,4.848620842,-64.79775419,-73.35195517,-61.8666331,-45.10739563,30.23198657,27.97011268
Arid_CS_Grass_Medium,-25.35071893,-2.923907192,18.6051385,-23.35947935,3.165748078,74.3849314,4.848620842,-64.79775419,-73.35195517,-61.8666331,-45.10739563,3.689410312,-4.28437399
Arid_CS_Grass_NotAvailable,-25.35071893,-3.279677905,18.64063339,-23.35947935,2.865503927,74.3849314,4.848620842,-64.79775419,-73.35195517,-61.8666331,-45.10739563,13.29011089,5.061637066
Arid_CS_Legume_Coarse,-25.39454944,-3.742964281,27.28527891,-31.47566516,4.502874112,74.3849314,4.848620842,-64.79775419,-73.35195517,-61.8666331,-45.10739563,16.86679087,-19.72270451
Arid_CS_Legume_Fine,-25.39454944,-3.742964281,29.88371822,-28.09068892,59.43379633,74.3849314,4.848620842,-64.79775419,-73.35195517,-61.8666331,-45.10739563,16.86679087,-19.5117732
Arid_CS_Legume_Medium,-25.39454944,-5.218677886,20.99036402,-34.18227853,-38.25925218,74.3849314,4.848620842,-64.79775419,-73.35195517,-61.8666331,-45.10739563,16.86679087,-19.72270451
Arid_CS_Legume_NotAvailable,-25.39454944,-3.279677905,27.28527891,-31.47566516,2.865503927,74.3849314,4.848620842,-64.79775419,-73.35195517,-61.8666331,-45.10739563,16.86679087,-19.72270451
Arid_CS_MTT_Coarse,-25.35071893,-3.742964281,21.03076701,21.88231416,4.502874112,74.3849314,4.848620842,-64.79775419,-73.35195517,-61.8666331,-45.10739563,42.14222991,54.14557133
Arid_CS_MTT_Fine,-25.35071893,-3.742964281,21.03076701,21.88231416,99.59380004,74.3849314,4.848620842,-64.79775419,-73.35195517,-61.8666331,-45.10739563,42.14222991,54.14557133
Arid_CS_MTT_Medium,-25.35071893,-4.06112915,21.03076701,21.88231416,-13.4629919,74.3849314,4.848620842,-64.79775419,-73.35195517,-61.8666331,-45.10739563,42.14222991,54.14557133
Arid_CS_MTT_NotAvailable,-25.35071893,-3.180399666,21.18056241,21.76794331,2.874272993,74.3849314,4.848620842,-64.79775419,-73.35195517,-61.8666331,-45.10739563,41.58027726,54.62156191
Arid_CS_OtherCC_Coarse,-28.34796465,-3.742964281,-12.1521466,-23.35947935,4.502874112,74.3849314,4.848620842,-64.79775419,-73.35195517,-61.8666331,-45.10739563,25.10331125,11.31576034
Arid_CS_OtherCC_Fine,-28.34796465,-3.742964281,-12.1521466,-23.35947935,99.59380004,74.3849314,4.848620842,-64.79775419,-73.35195517,-61.8666331,-45.10739563,25.10331125,11.31576034
Arid_CS_OtherCC_Medium,-28.34796465,-4.06112915,-12.1521466,-23.35947935,-13.4629919,74.3849314,4.848620842,-64.79775419,-73.35195517,-61.8666331,-45.10739563,25.10331125,11.31576034
Arid_CS_OtherCC_NotAvailable,-28.34796465,-3.279677905,-12.1521466,-23.35947935,2.865503927,74.3849314,4.848620842,-64.79775419,-73.35195517,-61.8666331,-45.10739563,25.10331125,11.31576034
Arid_CSW_Grass_Coarse,-25.35071893,-3.742964281,18.64063339,-23.35947935,4.502874112,74.3849314,4.848620842,-64.79775419,-73.35195517,-61.8666331,-45.10739563,13.29011089,5.061637066
Arid_CSW_Grass_Fine,-25.35071893,-3.742964281,18.64063339,-23.35947935,17.16363701,74.3849314,4.848620842,-64.79775419,-73.35195517,-61.8666331,-45.10739563,30.23198657,27.97011268
Arid_CSW_Grass_Medium,-25.35071893,-2.923907192,18.6051385,-23.35947935,3.165748078,74.3849314,4.848620842,-64.79775419,-73.35195517,-61.8666331,-45.10739563,3.689410312,-4.28437399
Arid_CSW_Grass_NotAvailable,-25.35071893,-3.279677905,18.64063339,-23.35947935,2.865503927,74.3849314,4.848620842,-64.79775419,-73.35195517,-61.8666331,-45.10739563,13.29011089,5.061637066
Arid_CSW_Legume_Coarse,-25.39454944,-3.742964281,27.28527891,-31.47566516,4.502874112,74.3849314,4.848620842,-64.79775419,-73.35195517,-61.8666331,-45.10739563,16.86679087,-19.72270451
Arid_CSW_Legume_Fine,-25.39454944,-3.742964281,29.88371822,-28.09068892,59.43379633,74.3849314,4.848620842,-64.79775419,-73.35195517,-61.8666331,-45.10739563,16.86679087,-19.5117732
Arid_CSW_Legume_Medium,-25.39454944,-5.218677886,20.99036402,-34.18227853,-38.25925218,74.3849314,4.848620842,-64.79775419,-73.35195517,-61.8666331,-45.10739563,16.86679087,-19.72270451
Arid_CSW_Legume_NotAvailable,-25.39454944,-3.279677905,27.28527891,-31.47566516,2.865503927,74.3849314,4.848620842,-64.79775419,-73.35195517,-61.8666331,-45.10739563,16.86679087,-19.72270451
Arid_CSW_MTT_Coarse,-25.35071893,-3.742964281,21.03076701,21.88231416,4.502874112,74.3849314,4.848620842,-64.79775419,-73.35195517,-61.8666331,-45.10739563,42.14222991,54.14557133
Arid_CSW_MTT_Fine,-25.35071893,-3.742964281,21.03076701,21.88231416,99.59380004,74.3849314,4.848620842,-64.79775419,-73.35195517,-61.8666331,-45.10739563,42.14222991,54.14557133
Arid_CSW_MTT_Medium,-25.35071893,-4.06112915,21.03076701,21.88231416,-13.4629919,74.3849314,4.848620842,-64.79775419,-73.35195517,-61.8666331,-45.10739563,42.14222991,54.14557133
Arid_CSW_MTT_NotAvailable,-25.35071893,-3.180399666,21.18056241,21.76794331,2.874272993,74.3849314,4.848620842,-64.79775419,-73.35195517,-61.8666331,-45.10739563,41.58027726,54.62156191
Arid_CSW_OtherCC_Coarse,-28.34796465,-3.742964281,-12.1521466,-23.35947935,4.502874112,74.3849314,4.848620842,-64.79775419,-73.35195517,-61.8666331,-45.10739563,25.10331125,11.31576034
Arid_CSW_OtherCC_Fine,-28.34796465,-3.742964281,-12.1521466,-23.35947935,99.59380004,74.3849314,4.848620842,-64.79775419,-73.35195517,-61.8666331,-45.10739563,25.10331125,11.31576034
Arid_CSW_OtherCC_Medium,-28.34796465,-4.06112915,-12.1521466,-23.35947935,-13.4629919,74.3849314,4.848620842,-64.79775419,-73.35195517,-61.8666331,-45.10739563,25.10331125,11.31576034
Arid_CSW_OtherCC_NotAvailable,-28.34796465,-3.279677905,-12.1521466,-23.35947935,2.865503927,74.3849314,4.848620842,-64.79775419,-73.35195517,-61.8666331,-45.10739563,25.10331125,11.31576034
Arid_Other_Grass_Coarse,-25.35071893,-3.742964281,18.64063339,-23.35947935,4.502874112,74.3849314,4.848620842,-73.56782239,-73.35195517,-61.8666331,-45.10739563,13.29011089,5.061637066
Arid_Other_Grass_Fine,-25.35071893,-3.742964281,18.64063339,-23.35947935,17.16363701,74.3849314,4.848620842,-73.56782239,-73.35195517,-61.8666331,-45.10739563,30.23198657,27.97011268
Arid_Other_Grass_Medium,-25.35071893,-2.952815664,18.68218435,-23.35947935,2.710915135,74.3849314,4.848620842,-73.56782239,-73.35195517,-61.8666331,-45.10739563,3.126369894,-4.329407765
Arid_Other_Grass_NotAvailable,-25.35071893,-3.279677905,18.64063339,-23.35947935,2.865503927,74.3849314,4.848620842,-73.56782239,-73.35195517,-61.8666331,-45.10739563,13.29011089,5.061637066
Arid_Other_Legume_Coarse,-1.117761535,-3.742964281,27.28527891,-31.47566516,4.502874112,74.3849314,4.848620842,-65.70012925,-73.35195517,-61.8666331,-45.10739563,16.86679087,-19.72270451
Arid_Other_Legume_Fine,0.164990156,-3.742964281,29.88371822,-36.03971364,59.43379633,74.3849314,4.848620842,-65.70012925,-73.35195517,-61.8666331,-45.10739563,16.86679087,-19.5117732
Arid_Other_Legume_Medium,-0.606926679,-5.203076607,20.87218698,-39.70551659,-38.25925218,74.3849314,4.848620842,-65.70012925,-73.35195517,-61.8666331,-45.10739563,16.86679087,-19.72270451
Arid_Other_Legume_NotAvailable,-1.117761535,-3.279677905,27.28527891,-31.47566516,2.865503927,74.3849314,4.848620842,-65.70012925,-73.35195517,-61.8666331,-45.10739563,16.86679087,-19.72270451
Arid_Other_MTT_Coarse,-25.35071893,-3.742964281,21.03076701,21.88231416,4.502874112,74.3849314,4.848620842,-64.79775419,-73.35195517,-61.8666331,-45.10739563,42.14222991,54.14557133
Arid_Other_MTT_Fine,-25.35071893,-3.742964281,21.03076701,21.88231416,99.59380004,74.3849314,4.848620842,-64.79775419,-73.35195517,-61.8666331,-45.10739563,42.14222991,54.14557133
Arid_Other_MTT_Medium,-25.35071893,-4.06112915,21.03076701,21.88231416,-13.4629919,74.3849314,4.848620842,-64.79775419,-73.35195517,-61.8666331,-45.10739563,42.14222991,54.14557133
Arid_Other_MTT_NotAvailable,-25.35071893,-3.229158634,20.9799414,21.87606292,2.922242514,74.3849314,4.848620842,-64.79775419,-73.35195517,-61.8666331,-45.10739563,41.77265505,53.74626775
Arid_Other_OtherCC_Coarse,-28.34796465,-3.742964281,-12.1521466,-23.35947935,4.502874112,74.3849314,4.848620842,-64.79775419,-73.35195517,-61.8666331,-45.10739563,25.10331125,11.31576034
Arid_Other_OtherCC_Fine,-28.34796465,-3.742964281,-12.1521466,-23.35947935,99.59380004,74.3849314,4.848620842,-64.79775419,-73.35195517,-61.8666331,-45.10739563,25.10331125,11.31576034
Arid_Other_OtherCC_Medium,-28.34796465,-4.06112915,-12.1521466,-23.35947935,-13.4629919,74.3849314,4.848620842,-64.79775419,-73.35195517,-61.8666331,-45.10739563,25.10331125,11.31576034
Arid_Other_OtherCC_NotAvailable,-28.34796465,-3.279677905,-12.1521466,-23.35947935,2.865503927,74.3849314,4.848620842,-64.79775419,-73.35195517,-61.8666331,-45.10739563,25.10331125,11.31576034
Arid_Soybean_Grass_Coarse,-25.35071893,-3.742964281,18.64063339,-23.35947935,4.502874112,74.3849314,4.848620842,-64.79775419,-73.35195517,-61.8666331,-45.10739563,13.29011089,5.061637066
Arid_Soybean_Grass_Fine,-25.35071893,-3.742964281,18.64063339,-23.35947935,17.16363701,74.3849314,4.848620842,-64.79775419,-73.35195517,-61.8666331,-45.10739563,30.23198657,27.97011268
Arid_Soybean_Grass_Medium,-25.35071893,-2.923907192,18.6051385,-23.35947935,3.165748078,74.3849314,4.848620842,-64.79775419,-73.35195517,-61.8666331,-45.10739563,3.689410312,-4.28437399
Arid_Soybean_Grass_NotAvailable,-25.35071893,-3.279677905,18.64063339,-23.35947935,2.865503927,74.3849314,4.848620842,-64.79775419,-73.35195517,-61.8666331,-45.10739563,13.29011089,5.061637066
Arid_Soybean_Legume_Coarse,-25.39454944,-3.742964281,27.28527891,-31.47566516,4.502874112,74.3849314,4.848620842,-64.79775419,-73.35195517,-61.8666331,-45.10739563,16.86679087,-19.72270451
Arid_Soybean_Legume_Fine,-25.39454944,-3.742964281,29.88371822,-28.09068892,59.43379633,74.3849314,4.848620842,-64.79775419,-73.35195517,-61.8666331,-45.10739563,16.86679087,-19.5117732
Arid_Soybean_Legume_Medium,-25.39454944,-5.218677886,20.99036402,-34.18227853,-38.25925218,74.3849314,4.848620842,-64.79775419,-73.35195517,-61.8666331,-45.10739563,16.86679087,-19.72270451
Arid_Soybean_Legume_NotAvailable,-25.39454944,-3.279677905,27.28527891,-31.47566516,2.865503927,74.3849314,4.848620842,-64.79775419,-73.35195517,-61.8666331,-45.10739563,16.86679087,-19.72270451
Arid_Soybean_MTT_Coarse,-25.35071893,-3.742964281,21.03076701,21.88231416,4.502874112,74.3849314,4.848620842,-64.79775419,-73.35195517,-61.8666331,-45.10739563,42.14222991,54.14557133
Arid_Soybean_MTT_Fine,-25.35071893,-3.742964281,21.03076701,21.88231416,99.59380004,74.3849314,4.848620842,-64.79775419,-73.35195517,-61.8666331,-45.10739563,42.14222991,54.14557133
Arid_Soybean_MTT_Medium,-25.35071893,-4.06112915,21.03076701,21.88231416,-13.4629919,74.3849314,4.848620842,-64.79775419,-73.35195517,-61.8666331,-45.10739563,42.14222991,54.14557133
Arid_Soybean_MTT_NotAvailable,-25.35071893,-3.180399666,21.18056241,21.76794331,2.874272993,74.3849314,4.848620842,-64.79775419,-73.35195517,-61.8666331,-45.10739563,41.58027726,54.62156191
Arid_Soybean_OtherCC_Coarse,-28.34796465,-3.742964281,-12.1521466,-23.35947935,4.502874112,74.3849314,4.848620842,-64.79775419,-73.35195517,-61.8666331,-45.10739563,25.10331125,11.31576034
Arid_Soybean_OtherCC_Fine,-28.34796465,-3.742964281,-12.1521466,-23.35947935,99.59380004,74.3849314,4.848620842,-64.79775419,-73.35195517,-61.8666331,-45.10739563,25.10331125,11.31576034
Arid_Soybean_OtherCC_Medium,-28.34796465,-4.06112915,-12.1521466,-23.35947935,-13.4629919,74.3849314,4.848620842,-64.79775419,-73.35195517,-61.8666331,-45.10739563,25.10331125,11.31576034
Arid_Soybean_OtherCC_NotAvailable,-28.34796465,-3.279677905,-12.1521466,-23.35947935,2.865503927,74.3849314,4.848620842,-64.79775419,-73.35195517,-61.8666331,-45.10739563,25.10331125,11.31576034
Arid_Vegetable_Grass_Coarse,-25.35071893,-3.742964281,18.64063339,-23.35947935,4.502874112,74.3849314,4.848620842,-64.79775419,-73.35195517,-61.8666331,-45.10739563,13.29011089,5.061637066
Arid_Vegetable_Grass_Fine,-25.35071893,-3.742964281,18.64063339,-23.35947935,17.16363701,74.3849314,4.848620842,-64.79775419,-73.35195517,-61.8666331,-45.10739563,30.23198657,27.97011268
Arid_Vegetable_Grass_Medium,-25.35071893,-2.923907192,18.6051385,-23.35947935,3.165748078,74.3849314,4.848620842,-64.79775419,-73.35195517,-61.8666331,-45.10739563,3.689410312,-4.28437399
Arid_Vegetable_Grass_NotAvailable,-25.35071893,-3.279677905,18.64063339,-23.35947935,2.865503927,74.3849314,4.848620842,-64.79775419,-73.35195517,-61.8666331,-45.10739563,13.29011089,5.061637066
Arid_Vegetable_Legume_Coarse,-25.39454944,-3.742964281,27.28527891,-31.47566516,4.502874112,74.3849314,4.848620842,-64.79775419,-73.35195517,-61.8666331,-45.10739563,16.86679087,-19.72270451
Arid_Vegetable_Legume_Fine,-25.39454944,-3.742964281,29.88371822,-28.09068892,59.43379633,74.3849314,4.848620842,-64.79775419,-73.35195517,-61.8666331,-45.10739563,16.86679087,-19.5117732
Arid_Vegetable_Legume_Medium,-25.39454944,-5.218677886,20.99036402,-34.18227853,-38.25925218,74.3849314,4.848620842,-64.79775419,-73.35195517,-61.8666331,-45.10739563,16.86679087,-19.72270451
Arid_Vegetable_Legume_NotAvailable,-25.39454944,-3.279677905,27.28527891,-31.47566516,2.865503927,74.3849314,4.848620842,-64.79775419,-73.35195517,-61.8666331,-45.10739563,16.86679087,-19.72270451
Arid_Vegetable_MTT_Coarse,-25.35071893,-3.742964281,21.03076701,21.88231416,4.502874112,74.3849314,4.848620842,-64.79775419,-73.35195517,-61.8666331,-45.10739563,42.14222991,54.14557133
Arid_Vegetable_MTT_Fine,-25.35071893,-3.742964281,21.03076701,21.88231416,99.59380004,74.3849314,4.848620842,-64.79775419,-73.35195517,-61.8666331,-45.10739563,42.14222991,54.14557133
Arid_Vegetable_MTT_Medium,-25.35071893,-4.06112915,21.03076701,21.88231416,-13.4629919,74.3849314,4.848620842,-64.79775419,-73.35195517,-61.8666331,-45.10739563,42.14222991,54.14557133
Arid_Vegetable_MTT_NotAvailable,-25.35071893,-3.180399666,21.18056241,21.76794331,2.874272993,74.3849314,4.848620842,-64.79775419,-73.35195517,-61.8666331,-45.10739563,41.58027726,54.62156191
Arid_Vegetable_OtherCC_Coarse,-28.34796465,-3.742964281,-12.1521466,-23.35947935,4.502874112,74.3849314,4.848620842,-64.79775419,-73.35195517,-61.8666331,-45.10739563,25.10331125,11.31576034
Arid_Vegetable_OtherCC_Fine,-28.34796465,-3.742964281,-12.1521466,-23.35947935,99.59380004,74.3849314,4.848620842,-64.79775419,-73.35195517,-61.8666331,-45.10739563,25.10331125,11.31576034
Arid_Vegetable_OtherCC_Medium,-28.34796465,-4.06112915,-12.1521466,-23.35947935,-13.4629919,74.3849314,4.848620842,-64.79775419,-73.35195517,-61.8666331,-45.10739563,25.10331125,11.31576034
Arid_Vegetable_OtherCC_NotAvailable,-28.34796465,-3.279677905,-12.1521466,-23.35947935,2.865503927,74.3849314,4.848620842,-64.79775419,-73.35195517,-61.8666331,-45.10739563,25.10331125,11.31576034
Arid_Wheat_Grass_Coarse,-25.35071893,-3.742964281,18.64063339,-23.35947935,4.502874112,74.3849314,4.848620842,-64.79775419,-73.35195517,-61.8666331,-45.10739563,13.29011089,5.061637066
Arid_Wheat_Grass_Fine,-25.35071893,-3.742964281,18.64063339,-23.35947935,17.16363701,74.3849314,4.848620842,-64.79775419,-73.35195517,-61.8666331,-45.10739563,30.23198657,27.97011268
Arid_Wheat_Grass_Medium,-25.35071893,-2.923907192,18.6051385,-23.35947935,3.165748078,74.3849314,4.848620842,-64.79775419,-73.35195517,-61.8666331,-45.10739563,3.689410312,-4.28437399
Arid_Wheat_Grass_NotAvailable,-25.35071893,-3.279677905,18.64063339,-23.35947935,2.865503927,74.3849314,4.848620842,-64.79775419,-73.35195517,-61.8666331,-45.10739563,13.29011089,5.061637066
Arid_Wheat_Legume_Coarse,-34.1227053,-3.742964281,27.28527891,-31.47566516,4.502874112,74.3849314,4.848620842,-64.79775419,-73.35195517,-61.8666331,-45.10739563,16.86679087,-19.72270451
Arid_Wheat_Legume_Fine,-34.1227053,-3.742964281,29.88371822,0.618020814,59.43379633,74.3849314,4.848620842,-64.79775419,-73.35195517,-61.8666331,-45.10739563,16.86679087,-19.56795055
Arid_Wheat_Legume_Medium,-34.09103433,-5.218677886,20.99036402,-30.89334473,-38.25925218,74.3849314,4.848620842,-64.79775419,-73.35195517,-61.8666331,-45.10739563,16.86679087,-19.72270451
Arid_Wheat_Legume_NotAvailable,-34.1227053,-3.279677905,27.28527891,-31.47566516,2.865503927,74.3849314,4.848620842,-64.79775419,-73.35195517,-61.8666331,-45.10739563,16.86679087,-19.72270451
Arid_Wheat_MTT_Coarse,-25.35071893,-3.742964281,21.03076701,21.88231416,4.502874112,74.3849314,4.848620842,-64.79775419,-73.35195517,-61.8666331,-45.10739563,42.14222991,54.14557133
Arid_Wheat_MTT_Fine,-25.35071893,-3.742964281,21.03076701,21.88231416,99.59380004,74.3849314,4.848620842,-64.79775419,-73.35195517,-61.8666331,-45.10739563,42.14222991,54.14557133
Arid_Wheat_MTT_Medium,-25.35071893,-4.06112915,21.03076701,21.88231416,-13.4629919,74.3849314,4.848620842,-64.79775419,-73.35195517,-61.8666331,-45.10739563,42.14222991,54.14557133
Arid_Wheat_MTT_NotAvailable,-25.35071893,-3.180399666,21.18056241,21.76794331,2.874272993,74.3849314,4.848620842,-64.79775419,-73.35195517,-61.8666331,-45.10739563,41.58027726,54.62156191
Arid_Wheat_OtherCC_Coarse,-28.34796465,-3.742964281,-12.1521466,-23.35947935,4.502874112,74.3849314,4.848620842,-64.79775419,-73.35195517,-61.8666331,-45.10739563,25.10331125,11.31576034
Arid_Wheat_OtherCC_Fine,-28.34796465,-3.742964281,-12.1521466,-23.35947935,99.59380004,74.3849314,4.848620842,-64.79775419,-73.35195517,-61.8666331,-45.10739563,25.10331125,11.31576034
Arid_Wheat_OtherCC_Medium,-28.34796465,-4.06112915,-12.1521466,-23.35947935,-13.4629919,74.3849314,4.848620842,-64.79775419,-73.35195517,-61.8666331,-45.10739563,25.10331125,11.31576034
Arid_Wheat_OtherCC_NotAvailable,-28.34796465,-3.279677905,-12.1521466,-23.35947935,2.865503927,74.3849314,4.848620842,-64.79775419,-73.35195517,-61.8666331,-45.10739563,25.10331125,11.31576034
Boreal_Corn_Grass_Coarse,-1.063031256,-2.366628151,9.60117264,-19.07754565,9.706651606,41.51726144,-0.220980586,-11.90545819,-73.35195517,-58.2219701,-16.99786546,86.13692383,16.92989008
Boreal_Corn_Grass_Fine,-1.473188535,-1.712195242,4.699200144,-32.19796496,4.604514999,41.51726144,-0.220980586,-11.90545819,-73.35195517,-37.05105308,-16.99786546,86.13692383,16.92989008
Boreal_Corn_Grass_Medium,-4.175138764,-2.093645344,9.868911505,-34.18758155,54.6627624,41.51726144,-0.220980586,-11.90545819,-73.35195517,-71.44592501,-18.44616718,85.41920909,16.93831431
Boreal_Corn_Grass_NotAvailable,-2.448311567,-1.887979471,3.75577404,-32.19796496,6.47324422,41.51726144,-0.220980586,-11.90545819,-73.35195517,-38.47565065,-16.99786546,86.13692383,16.92989008
Boreal_Corn_Legume_Coarse,4.498673659,-2.366628151,8.360792118,8.483072696,9.706651606,69.17318536,-1.812341233,-11.90545819,-73.35195517,-55.42114948,195.2647361,30.33518302,31.57295908
Boreal_Corn_Legume_Fine,4.498673659,-2.222032541,6.343694122,10.58000662,4.704408572,69.17318536,-1.812341233,-11.90545819,-73.35195517,-37.05105308,195.2647361,22.39502573,30.09590065
Boreal_Corn_Legume_Medium,4.482101314,0.502684733,8.570520373,8.364284891,6.729333444,69.17318536,-1.812341233,-11.90545819,-73.35195517,-34.188012,194.5918305,33.23124685,33.09958371
Boreal_Corn_Legume_NotAvailable,4.498673659,-1.887979471,10.54884264,8.483072696,6.47324422,69.17318536,-1.812341233,-11.90545819,-73.35195517,-38.47565065,195.2647361,30.33518302,31.57295908
Boreal_Corn_MTT_Coarse,-16.42772699,-2.366628151,32.4886314,27.61718058,9.706651606,128.3225315,-1.812341233,-11.90545819,-73.35195517,-55.20642469,-83.88167968,62.21986174,37.55887648
Boreal_Corn_MTT_Fine,-16.42772699,-2.222032541,11.76565081,17.16156672,9.939608083,128.3225315,-1.812341233,-11.90545819,-73.35195517,-37.05105308,-83.88167968,23.06716803,44.39792465
Boreal_Corn_MTT_Medium,-16.42772699,-3.540108575,9.78819364,0.245773909,9.33375385,50.91041442,-1.812341233,-11.90545819,-73.35195517,-85.74625779,-83.88167968,25.96068766,56.89663952
Boreal_Corn_MTT_NotAvailable,-16.42772699,-1.887979471,14.13016667,-12.58435493,6.47324422,128.3225315,-1.812341233,-11.90545819,-73.35195517,-38.47565065,-83.88167968,62.21986174,37.55887648
Boreal_Corn_OtherCC_Coarse,-22.10442507,-2.366628151,8.392708427,18.81437685,9.706651606,70.85318238,-1.812341233,-11.90545819,-73.35195517,-55.42114948,-82.63819213,11.87355242,41.81174312
Boreal_Corn_OtherCC_Fine,-22.10442507,-2.39567668,17.10901975,24.99753735,4.604514999,70.85318238,-1.812341233,-11.90545819,-73.35195517,-37.05105308,-82.63819213,8.311081642,41.81174312
Boreal_Corn_OtherCC_Medium,-22.10442507,3.283790794,5.233069416,10.23113989,21.96680162,70.85318238,-1.812341233,-11.90545819,-73.35195517,-63.17584251,-82.63819213,26.24001684,41.63198118
Boreal_Corn_OtherCC_NotAvailable,-22.10442507,-1.801317254,0.802968025,-2.390598331,6.4631125,70.85318238,-1.812341233,-11.90545819,-73.35195517,-38.47565065,-82.63819213,11.87355242,41.81174312
Boreal_CS_Grass_Coarse,-4.49212942,-2.366628151,9.60117264,-20.98363674,9.706651606,41.51726144,-1.957814339,-47.17817604,-73.35195517,-58.2219701,-34.26702465,86.13692383,16.92989008
Boreal_CS_Grass_Fine,-4.331717901,-1.712195242,5.419430634,-32.19796496,4.604514999,41.51726144,-1.957814339,-47.17817604,-73.35195517,-37.05105308,-34.26702465,86.13692383,16.92989008
Boreal_CS_Grass_Medium,-4.684681756,-0.299332926,2.01074993,-37.90029094,13.23314904,41.51726144,-1.436475397,-47.17817604,-73.35195517,-37.74934883,-34.26702465,-2.369074373,16.93831431
Boreal_CS_Grass_NotAvailable,-4.49212942,-1.887979471,3.75577404,-32.19796496,6.47324422,41.51726144,-1.957814339,-47.17817604,-73.35195517,-38.47565065,-34.26702465,86.13692383,16.92989008
Boreal_CS_Legume_Coarse,-4.323502971,-2.366628151,8.360792118,8.483072696,9.706651606,69.17318536,-1.812341233,-47.17817604,-73.35195517,-55.42114948,15.63860286,30.33518302,31.57295908
Boreal_CS_Legume_Fine,-4.323502971,-2.222032541,7.113736112,10.58000662,7.650902569,69.17318536,-1.812341233,-47.17817604,-73.35195517,-37.05105308,15.63860286,22.39502573,30.09590065
Boreal_CS_Legume_Medium,-4.323502971,3.133106512,5.551050948,4.932520933,2.904784691,69.17318536,-1.812341233,-47.17817604,-73.35195517,-34.188012,15.63860286,0.64081457,33.09958371
Boreal_CS_Legume_NotAvailable,-4.323502971,-1.887979471,10.54884264,8.483072696,6.47324422,69.17318536,-1.812341233,-47.17817604,-73.35195517,-38.47565065,15.63860286,30.33518302,31.57295908
Boreal_CS_MTT_Coarse,-5.664186309,-2.366628151,32.4886314,27.61718058,9.706651606,128.3225315,-1.812341233,-47.17817604,-73.35195517,-55.20642469,-83.88167968,62.21986174,37.55887648
Boreal_CS_MTT_Fine,-5.664186309,-2.222032541,11.76565081,17.16156672,9.939608083,128.3225315,-1.812341233,-47.17817604,-73.35195517,-37.05105308,-83.88167968,23.06716803,44.39792465
Boreal_CS_MTT_Medium,-5.664186309,-1.655673145,10.83842085,-22.60678562,9.33375385,128.3225315,-1.812341233,-47.17817604,-73.35195517,-85.74625779,-83.88167968,92.62715371,27.23863928
Boreal_CS_MTT_NotAvailable,-5.664186309,-1.887979471,14.13016667,-12.58435493,6.47324422,128.3225315,-1.812341233,-47.17817604,-73.35195517,-38.47565065,-83.88167968,62.21986174,37.55887648
Boreal_CS_OtherCC_Coarse,-22.10442507,-2.366628151,8.392708427,18.81437685,9.706651606,70.85318238,-1.812341233,-47.17817604,-73.35195517,-55.42114948,-82.63819213,11.87355242,41.81174312
Boreal_CS_OtherCC_Fine,-22.10442507,-2.39567668,17.10901975,24.99753735,4.604514999,70.85318238,-1.812341233,-47.17817604,-73.35195517,-37.05105308,-82.63819213,8.311081642,41.81174312
Boreal_CS_OtherCC_Medium,-22.10442507,3.283790794,5.233069416,10.23113989,21.96680162,70.85318238,-1.812341233,-47.17817604,-73.35195517,-63.17584251,-82.63819213,26.24001684,41.63198118
Boreal_CS_OtherCC_NotAvailable,-22.10442507,-1.801317254,0.802968025,-2.390598331,6.4631125,70.85318238,-1.812341233,-47.17817604,-73.35195517,-38.47565065,-82.63819213,11.87355242,41.81174312
Boreal_CSW_Grass_Coarse,1.728333068,-2.366628151,9.60117264,-20.98363674,9.706651606,41.51726144,-0.220980586,-11.90545819,-73.35195517,-58.2219701,-34.26702465,86.13692383,16.92989008
Boreal_CSW_Grass_Fine,1.728333068,-1.712195242,5.270600427,-32.19796496,4.604514999,41.51726144,-0.220980586,-11.90545819,-73.35195517,-37.05105308,-34.26702465,86.13692383,16.92989008
Boreal_CSW_Grass_Medium,1.728333068,-2.261031201,1.188689768,6.426058977,6.380243198,41.51726144,-0.220980586,-11.90545819,-73.35195517,-71.44592501,-34.26702465,69.21476854,16.93831431
Boreal_CSW_Grass_NotAvailable,1.728333068,-1.887979471,3.75577404,-32.19796496,6.47324422,41.51726144,-0.220980586,-11.90545819,-73.35195517,-38.47565065,-34.26702465,86.13692383,16.92989008
Boreal_CSW_Legume_Coarse,-4.323502971,-2.366628151,8.360792118,8.483072696,9.706651606,69.17318536,-1.812341233,-11.90545819,-73.35195517,-55.42114948,15.63860286,30.33518302,31.57295908
Boreal_CSW_Legume_Fine,-4.323502971,-2.222032541,6.343694122,10.58000662,4.704408572,69.17318536,-1.812341233,-11.90545819,-73.35195517,-37.05105308,15.63860286,22.39502573,30.09590065
Boreal_CSW_Legume_Medium,-4.323502971,-1.348421623,7.761806106,8.364284891,9.828490092,69.17318536,-1.812341233,-11.90545819,-73.35195517,-34.188012,15.63860286,55.41258908,33.09958371
Boreal_CSW_Legume_NotAvailable,-4.323502971,-1.887979471,10.54884264,8.483072696,6.47324422,69.17318536,-1.812341233,-11.90545819,-73.35195517,-38.47565065,15.63860286,30.33518302,31.57295908
Boreal_CSW_MTT_Coarse,-5.664186309,-2.366628151,32.4886314,27.61718058,9.706651606,128.3225315,-1.812341233,-11.90545819,-73.35195517,-55.20642469,-83.88167968,62.21986174,37.55887648
Boreal_CSW_MTT_Fine,-5.664186309,-2.222032541,11.76565081,17.16156672,9.939608083,128.3225315,-1.812341233,-11.90545819,-73.35195517,-37.05105308,-83.88167968,23.06716803,44.39792465
Boreal_CSW_MTT_Medium,-5.664186309,-2.318101842,12.84053153,-19.15449548,9.33375385,128.3225315,-1.812341233,-11.90545819,-73.35195517,-85.74625779,-83.88167968,111.8350229,27.23863928
Boreal_CSW_MTT_NotAvailable,-5.664186309,-1.887979471,14.13016667,-12.58435493,6.47324422,128.3225315,-1.812341233,-11.90545819,-73.35195517,-38.47565065,-83.88167968,62.21986174,37.55887648
Boreal_CSW_OtherCC_Coarse,-22.10442507,-2.366628151,8.392708427,18.81437685,9.706651606,70.85318238,-1.812341233,-11.90545819,-73.35195517,-55.42114948,-82.63819213,11.87355242,41.81174312
Boreal_CSW_OtherCC_Fine,-22.10442507,-2.39567668,17.10901975,24.99753735,4.604514999,70.85318238,-1.812341233,-11.90545819,-73.35195517,-37.05105308,-82.63819213,8.311081642,41.81174312
Boreal_CSW_OtherCC_Medium,-22.10442507,3.283790794,5.233069416,10.23113989,21.96680162,70.85318238,-1.812341233,-11.90545819,-73.35195517,-63.17584251,-82.63819213,26.24001684,41.63198118
Boreal_CSW_OtherCC_NotAvailable,-22.10442507,-1.801317254,0.802968025,-2.390598331,6.4631125,70.85318238,-1.812341233,-11.90545819,-73.35195517,-38.47565065,-82.63819213,11.87355242,41.81174312
Boreal_Other_Grass_Coarse,-6.62E-05,-2.366628151,9.60117264,-20.98363674,9.706651606,41.51726144,-0.220980586,-7.944205277,-73.35195517,-58.2219701,-83.38895215,86.13692383,16.92989008
Boreal_Other_Grass_Fine,-28.6565168,-1.712195242,5.270600427,-32.19796496,4.604514999,41.51726144,-0.220980586,-7.944205277,-73.35195517,-37.05105308,-87.34888606,86.13692383,16.92989008
Boreal_Other_Grass_Medium,-37.25904682,-0.789065787,23.61257907,-42.57566363,1.208861911,41.51726144,-0.220980586,-7.944205277,-73.35195517,-93.47872295,-91.28076173,85.41920909,16.93831431
Boreal_Other_Grass_NotAvailable,-28.6565168,-1.887979471,3.75577404,-32.19796496,6.47324422,41.51726144,-0.220980586,-7.944205277,-73.35195517,-38.47565065,-87.34888606,86.13692383,16.92989008
Boreal_Other_Legume_Coarse,4.175799171,-2.366628151,8.360792118,8.483072696,9.706651606,69.17318536,-1.812341233,-7.944205277,-73.35195517,-55.42114948,-62.02873796,30.33518302,31.57295908
Boreal_Other_Legume_Fine,4.175799171,-2.222032541,6.343694122,10.58000662,9.954785736,69.17318536,-1.812341233,-7.944205277,-73.35195517,-37.05105308,-52.76439389,23.12806188,3.914633579
Boreal_Other_Legume_Medium,4.192882575,-7.332636393,26.03435591,41.76452976,19.46968858,69.17318536,-1.812341233,-7.944205277,-73.35195517,-34.3344977,-43.10726527,59.68279671,100.4045596
Boreal_Other_Legume_NotAvailable,4.175799171,-1.887979471,10.54884264,8.483072696,6.47324422,69.17318536,-1.812341233,-7.944205277,-73.35195517,-38.47565065,-52.76439389,30.33518302,31.57295908
Boreal_Other_MTT_Coarse,-6.30872725,-2.366628151,32.4886314,27.61718058,9.706651606,128.3225315,-1.812341233,-7.944205277,-73.35195517,-55.20642469,-88.29562941,62.21986174,37.55887648
Boreal_Other_MTT_Fine,-6.30872725,-2.222032541,11.76565081,17.16156672,9.939608083,128.3225315,-1.812341233,-7.944205277,-73.35195517,-37.05105308,-92.03601222,24.29237472,14.37916834
Boreal_Other_MTT_Medium,-7.029555222,-3.883768729,43.56233581,-19.48922695,9.33375385,128.3225315,-1.812341233,-7.944205277,-73.35195517,-85.88298919,-92.94431089,31.33318416,31.36830738
Boreal_Other_MTT_NotAvailable,-6.30872725,-1.887979471,14.13016667,-12.58435493,6.47324422,128.3225315,-1.812341233,-7.944205277,-73.35195517,-38.47565065,-92.03601222,62.21986174,37.55887648
Boreal_Other_OtherCC_Coarse,-38.54259625,-2.366628151,8.392708427,18.81437685,9.706651606,70.85318238,-1.812341233,-7.944205277,-73.35195517,-55.42114948,-82.63819213,11.87355242,41.81174312
Boreal_Other_OtherCC_Fine,-59.07391854,-2.406155788,17.02091366,25.0648384,4.604514999,70.85318238,-1.812341233,-7.944205277,-73.35195517,-37.05105308,-82.63819213,8.281377792,41.81174312
Boreal_Other_OtherCC_Medium,-12.86157718,3.283790794,1.486353902,-3.1680412,72.97058708,70.85318238,-1.812341233,-7.944205277,-73.35195517,-62.83511381,-82.63819213,26.14383188,41.58694052
Boreal_Other_OtherCC_NotAvailable,6.380076719,-1.915841806,1.168724745,-2.419404924,6.4631125,70.85318238,-1.812341233,-7.944205277,-73.35195517,-38.47565065,-82.63819213,11.87355242,41.81174312
Boreal_Soybean_Grass_Coarse,2.2893506,-2.366628151,9.60117264,-20.98363674,9.706651606,41.51726144,-0.220980586,-11.90545819,-73.35195517,-58.2219701,28.01683114,86.13692383,16.92989008
Boreal_Soybean_Grass_Fine,-0.043505187,-1.712195242,5.970997177,-32.19796496,4.604514999,41.51726144,-0.220980586,-11.90545819,-73.35195517,-37.05105308,28.01683114,86.13692383,16.92989008
Boreal_Soybean_Grass_Medium,5.173861168,0.75093645,-3.356332501,-34.18758155,13.27285078,41.51726144,-0.220980586,-11.90545819,-73.35195517,-71.44592501,27.27175603,85.41920909,16.93831431
Boreal_Soybean_Grass_NotAvailable,2.2893506,-1.887979471,3.75577404,-32.19796496,6.47324422,41.51726144,-0.220980586,-11.90545819,-73.35195517,-38.47565065,28.01683114,86.13692383,16.92989008
Boreal_Soybean_Legume_Coarse,22.98720606,-2.366628151,8.360792118,8.483072696,9.706651606,69.17318536,-1.812341233,-11.90545819,-73.35195517,-55.42114948,15.63860286,30.33518302,31.57295908
Boreal_Soybean_Legume_Fine,22.98720606,-2.222032541,6.343694122,10.58000662,4.704408572,69.17318536,-1.812341233,-11.90545819,-73.35195517,-37.05105308,15.63860286,22.39502573,30.09590065
Boreal_Soybean_Legume_Medium,22.98720606,0.502684733,8.570520373,8.364284891,6.729333444,69.17318536,-1.812341233,-11.90545819,-73.35195517,-34.188012,15.63860286,33.23124685,33.09958371
Boreal_Soybean_Legume_NotAvailable,22.98720606,-1.887979471,10.54884264,8.483072696,6.47324422,69.17318536,-1.812341233,-11.90545819,-73.35195517,-38.47565065,15.63860286,30.33518302,31.57295908
Boreal_Soybean_MTT_Coarse,-2.363007646,-2.366628151,32.4886314,27.61718058,9.706651606,128.3225315,-1.812341233,-11.90545819,-73.35195517,-55.20642469,-83.88167968,62.21986174,37.55887648
Boreal_Soybean_MTT_Fine,-2.363007646,-2.222032541,11.76565081,17.16156672,9.939608083,128.3225315,-1.812341233,-11.90545819,-73.35195517,-37.05105308,-83.88167968,23.06716803,44.39792465
Boreal_Soybean_MTT_Medium,-2.363007646,-2.318101842,12.84053153,-19.15449548,9.33375385,128.3225315,-1.812341233,-11.90545819,-73.35195517,-85.74625779,-83.88167968,111.8350229,27.23863928
Boreal_Soybean_MTT_NotAvailable,-2.363007646,-1.887979471,14.13016667,-12.58435493,6.47324422,128.3225315,-1.812341233,-11.90545819,-73.35195517,-38.47565065,-83.88167968,62.21986174,37.55887648
Boreal_Soybean_OtherCC_Coarse,-22.10442507,-2.366628151,8.392708427,18.81437685,9.706651606,70.85318238,-1.812341233,-11.90545819,-73.35195517,-55.42114948,-82.63819213,11.87355242,41.81174312
Boreal_Soybean_OtherCC_Fine,-22.10442507,-2.39567668,17.10901975,24.99753735,4.604514999,70.85318238,-1.812341233,-11.90545819,-73.35195517,-37.05105308,-82.63819213,8.311081642,41.81174312
Boreal_Soybean_OtherCC_Medium,-22.10442507,3.283790794,5.233069416,10.23113989,21.96680162,70.85318238,-1.812341233,-11.90545819,-73.35195517,-63.17584251,-82.63819213,26.24001684,41.63198118
Boreal_Soybean_OtherCC_NotAvailable,-22.10442507,-1.801317254,0.802968025,-2.390598331,6.4631125,70.85318238,-1.812341233,-11.90545819,-73.35195517,-38.47565065,-82.63819213,11.87355242,41.81174312
Boreal_Vegetable_Grass_Coarse,4.229545932,-2.366628151,9.60117264,-33.03609046,9.706651606,41.51726144,-0.220980586,-11.90545819,-73.35195517,-58.2219701,-29.69428428,86.13692383,16.92989008
Boreal_Vegetable_Grass_Fine,4.229545932,-1.712195242,5.270600427,-32.19796496,4.604514999,41.51726144,-0.220980586,-11.90545819,-73.35195517,-37.05105308,-29.69428428,86.13692383,16.92989008
Boreal_Vegetable_Grass_Medium,3.861976059,-0.789065787,-4.569743091,-20.54295145,13.27285078,41.51726144,-0.220980586,-11.90545819,-73.35195517,-71.44592501,-29.70333203,149.8365999,16.81151865
Boreal_Vegetable_Grass_NotAvailable,13.97774944,-1.887979471,3.75577404,-32.19796496,6.47324422,41.51726144,-0.220980586,-11.90545819,-73.35195517,-38.47565065,-29.69428428,86.13692383,16.92989008
Boreal_Vegetable_Legume_Coarse,-40.0144396,-2.366628151,8.360792118,8.483072696,9.706651606,69.17318536,-1.812341233,-11.90545819,-73.35195517,-55.42114948,-1.807757085,30.33518302,31.57295908
Boreal_Vegetable_Legume_Fine,-40.0144396,-2.222032541,6.343694122,10.58000662,4.704408572,69.17318536,-1.812341233,-11.90545819,-73.35195517,-37.05105308,-1.807757085,22.39502573,30.09590065
Boreal_Vegetable_Legume_Medium,-39.62685225,0.502684733,5.017159915,3.234712787,6.729333444,69.17318536,-1.812341233,-11.90545819,-73.35195517,-34.188012,-1.360311842,77.11722448,10.78474621
Boreal_Vegetable_Legume_NotAvailable,-40.0144396,-1.887979471,10.54884264,8.483072696,6.47324422,69.17318536,-1.812341233,-11.90545819,-73.35195517,-38.47565065,-1.807757085,30.33518302,31.57295908
Boreal_Vegetable_MTT_Coarse,29.73160791,-2.366628151,32.4886314,27.61718058,9.706651606,128.3225315,-1.812341233,-11.90545819,-73.35195517,-55.20642469,-38.84945894,62.21986174,37.55887648
Boreal_Vegetable_MTT_Fine,29.73160791,-2.222032541,11.76565081,17.16156672,9.939608083,128.3225315,-1.812341233,-11.90545819,-73.35195517,-37.05105308,-38.84945894,23.06716803,44.39792465
Boreal_Vegetable_MTT_Medium,29.73160791,-2.318101842,-13.45340585,2.967017576,9.33375385,128.3225315,-1.812341233,-11.90545819,-73.35195517,-85.74625779,-38.86181464,187.7724787,14.81795808
Boreal_Vegetable_MTT_NotAvailable,29.73160791,-1.887979471,14.13016667,-12.58435493,6.47324422,128.3225315,-1.812341233,-11.90545819,-73.35195517,-38.47565065,-38.84945894,62.21986174,37.55887648
Boreal_Vegetable_OtherCC_Coarse,-22.10442507,-2.366628151,8.392708427,18.81437685,9.706651606,70.85318238,-1.812341233,-11.90545819,-73.35195517,-55.42114948,-82.63819213,11.87355242,41.81174312
Boreal_Vegetable_OtherCC_Fine,-22.10442507,-2.39567668,17.10901975,24.99753735,4.604514999,70.85318238,-1.812341233,-11.90545819,-73.35195517,-37.05105308,-82.63819213,8.311081642,41.81174312
Boreal_Vegetable_OtherCC_Medium,-22.10442507,3.283790794,12.11796586,10.44691408,21.96680162,70.85318238,-1.812341233,-11.90545819,-73.35195517,-63.17584251,-82.63819213,26.24001684,41.63198118
Boreal_Vegetable_OtherCC_NotAvailable,-22.10442507,-1.801317254,0.802968025,-2.390598331,6.4631125,70.85318238,-1.812341233,-11.90545819,-73.35195517,-38.47565065,-82.63819213,11.87355242,41.81174312
Boreal_Wheat_Grass_Coarse,57.93732089,-2.366628151,9.60117264,-20.98363674,9.706651606,41.51726144,-0.220980586,-11.90545819,-73.35195517,-58.2219701,-34.26702465,86.13692383,16.92989008
Boreal_Wheat_Grass_Fine,57.93732089,-1.712195242,5.270600427,-32.19796496,4.604514999,41.51726144,-0.220980586,-11.90545819,-73.35195517,-37.05105308,-34.26702465,86.13692383,16.92989008
Boreal_Wheat_Grass_Medium,58.17177431,-0.789065787,15.78748448,24.46434018,17.33942619,41.51726144,-0.220980586,-11.90545819,-73.35195517,-71.44592501,-34.26702465,85.41920909,16.93831431
Boreal_Wheat_Grass_NotAvailable,57.93732089,-1.887979471,3.75577404,-32.19796496,6.47324422,41.51726144,-0.220980586,-11.90545819,-73.35195517,-38.47565065,-34.26702465,86.13692383,16.92989008
Boreal_Wheat_Legume_Coarse,-0.511485323,-2.366628151,8.360792118,8.483072696,9.706651606,69.17318536,-1.812341233,-11.90545819,-73.35195517,-55.42114948,15.63860286,30.33518302,31.57295908
Boreal_Wheat_Legume_Fine,-0.511485323,-2.222032541,6.089980239,10.60341622,4.704408572,69.17318536,-1.812341233,-11.90545819,-73.35195517,-37.05105308,15.63860286,22.40888019,51.7495103
Boreal_Wheat_Legume_Medium,-0.347019405,-0.392282611,3.947332505,7.042903147,10.09527433,69.17318536,-1.812341233,-11.90545819,-73.35195517,-34.188012,15.63860286,33.23124685,33.09958371
Boreal_Wheat_Legume_NotAvailable,-0.511485323,-1.887979471,10.54884264,8.483072696,6.47324422,69.17318536,-1.812341233,-11.90545819,-73.35195517,-38.47565065,15.63860286,30.33518302,31.57295908
Boreal_Wheat_MTT_Coarse,-4.469544869,-2.366628151,32.4886314,27.61718058,9.706651606,128.3225315,-1.812341233,-11.90545819,-73.35195517,-55.20642469,-83.88167968,62.21986174,37.55887648
Boreal_Wheat_MTT_Fine,-4.469544869,-2.222032541,11.79428245,17.26997288,9.939608083,128.3225315,-1.812341233,-11.90545819,-73.35195517,-37.05105308,-83.88167968,24.23647524,60.90099746
Boreal_Wheat_MTT_Medium,-4.469544869,-2.318101842,12.84053153,-19.15449548,9.33375385,128.3225315,-1.812341233,-11.90545819,-73.35195517,-85.74625779,-83.88167968,111.8350229,27.23863928
Boreal_Wheat_MTT_NotAvailable,-4.469544869,-1.887979471,14.13016667,-12.58435493,6.47324422,128.3225315,-1.812341233,-11.90545819,-73.35195517,-38.47565065,-83.88167968,62.21986174,37.55887648
Boreal_Wheat_OtherCC_Coarse,70.41586283,-2.366628151,8.392708427,18.81437685,9.706651606,70.85318238,-1.812341233,-11.90545819,-73.35195517,-55.42114948,-82.63819213,11.87355242,41.81174312
Boreal_Wheat_OtherCC_Fine,70.41586283,-2.39567668,17.10901975,24.99753735,4.604514999,70.85318238,-1.812341233,-11.90545819,-73.35195517,-37.05105308,-82.63819213,8.311081642,41.81174312
Boreal_Wheat_OtherCC_Medium,70.22318906,3.283790794,15.78748448,9.502324142,1.512272125,70.85318238,-1.812341233,-11.90545819,-73.35195517,-63.17584251,-82.63819213,26.24001684,41.63198118
Boreal_Wheat_OtherCC_NotAvailable,70.41586283,-1.801317254,0.802968025,-2.390598331,6.4631125,70.85318238,-1.812341233,-11.90545819,-73.35195517,-38.47565065,-82.63819213,11.87355242,41.81174312
Temperate_Corn_Grass_Coarse,0.772468856,-0.087907799,12.27395786,-8.098096688,8.156771661,80.31104113,58.27096275,-75.24562977,-6.742495604,-15.19702681,-33.65478747,5.965366595,13.99345874
Temperate_Corn_Grass_Fine,-9.151466499,-1.371046588,11.07314713,3.981926263,14.50145874,43.14484665,58.27096275,-75.24562977,-6.742495604,-51.76664989,-33.65478747,22.85978032,36.58121912
Temperate_Corn_Grass_Medium,5.602174676,-1.416346574,3.515582996,-36.88151392,26.86577417,106.1619006,57.65011533,-75.24562977,-6.7697279,-81.38332057,-33.65478747,9.078522511,44.59270449
Temperate_Corn_Grass_NotAvailable,5.967432043,-0.784996079,4.534904295,-7.197268111,5.60134483,80.31104113,58.27096275,-75.24562977,-6.742495604,-45.0885915,-33.65478747,9.410299109,16.49081648
Temperate_Corn_Legume_Coarse,11.80411124,-4.594249634,24.18431053,68.86246758,-8.947554337,87.6263052,133.4397531,-75.24562977,-6.742495604,-14.63484051,-96.80786684,-2.020076329,28.14456809
Temperate_Corn_Legume_Fine,55.91684369,-5.560089558,15.63116263,12.6362568,6.932525023,70.09844861,133.4397531,-75.24562977,-6.742495604,-61.83925116,-96.80786684,16.76865251,20.12071025
Temperate_Corn_Legume_Medium,54.88234051,-0.249190798,4.544725515,25.09280983,34.07232935,129.0155316,133.4397531,-75.24562977,-6.742495604,-32.08339569,-96.80786684,17.189191,110.3772966
Temperate_Corn_Legume_NotAvailable,59.68659145,-1.763368426,4.231730456,18.09009131,5.60134483,88.23657666,133.4397531,-75.24562977,-6.742495604,47.43421752,-96.73775644,16.44832819,33.25267695
Temperate_Corn_MTT_Coarse,6.02231542,-1.113495839,33.19569395,93.54723781,17.97130226,80.96705564,68.8916613,-75.24562977,-6.742495604,-14.63484051,-26.79103077,35.31671009,25.70598677
Temperate_Corn_MTT_Fine,5.876391196,-4.359221671,20.75961274,27.2335517,38.32647356,80.96705564,68.8916613,-75.24562977,-6.742495604,-61.83925116,-26.79103077,60.37009122,17.91889527
Temperate_Corn_MTT_Medium,5.876391196,-0.555033948,7.13838826,0.795851299,32.20041563,80.96705564,68.8916613,-75.24562977,-6.742495604,-43.60004002,-26.79103077,38.41491738,22.83366363
Temperate_Corn_MTT_NotAvailable,5.876391196,-0.784996079,21.14884923,8.268494042,5.60134483,80.96705564,68.8916613,-75.24562977,-6.742495604,-38.09604964,-26.79103077,41.05992679,22.83366363
Temperate_Corn_OtherCC_Coarse,-18.7270419,-2.215237691,16.09085218,4.545238178,-9.811782474,36.90006804,66.83834654,-75.24562977,-6.742495604,-30.93331655,381.5771898,-11.25910505,6.159764314
Temperate_Corn_OtherCC_Fine,-18.7270419,-1.45999347,-17.0285832,47.63853974,38.32647356,36.90006804,66.83834654,-75.24562977,-6.742495604,-68.43331655,381.5771898,3.709621562,-34.66315717
Temperate_Corn_OtherCC_Medium,-23.55573038,0,4.12111702,-9.187881935,55.93510934,36.90006804,66.83834654,-75.24562977,-6.742495604,-69.65915634,381.5771898,51.57062314,53.40951733
Temperate_Corn_OtherCC_NotAvailable,-5.895725979,-0.636843466,3.153861864,4.061180853,5.60134483,36.90006804,66.83834654,-75.24562977,-6.742495604,-11.81773183,376.2976608,5.895839245,12.21625565
Temperate_CS_Grass_Coarse,0.074273285,-0.087907799,7.002509263,2.706508684,8.156771661,80.31104113,11.03004227,-78.47606578,-73.38584211,-15.11409818,-33.65478747,5.965366595,13.99345874
Temperate_CS_Grass_Fine,0.074273285,-1.371046588,4.848955672,7.84209676,13.79013731,43.14484665,11.03004227,-78.47606578,-73.38584211,-51.76664989,-33.65478747,22.85978032,36.58121912
Temperate_CS_Grass_Medium,0.074273285,-2.442714029,3.596081896,-28.56469561,21.53556951,51.55749614,11.03238895,-78.47606578,-73.38584211,-77.69460497,-33.65478747,9.078522511,44.59270449
Temperate_CS_Grass_NotAvailable,0.074273285,-0.784996079,0.9313761,-7.197268111,5.60134483,80.31104113,11.03004227,-78.47606578,-73.38584211,-45.0885915,-33.65478747,9.410299109,16.49081648
Temperate_CS_Legume_Coarse,8.694383024,-1.724916714,6.995119786,23.34406505,-8.947554337,87.6263052,133.4397531,-78.47606578,-73.38584211,-14.63484051,-91.9991887,-2.020076329,28.14456809
Temperate_CS_Legume_Fine,8.694383024,-5.560089558,36.54138101,39.28036582,41.40272503,67.39627906,133.4397531,-78.47606578,-73.38584211,-61.83925116,-91.9991887,16.76865251,20.12071025
Temperate_CS_Legume_Medium,8.694383024,-0.5463331,10.03119446,17.65409981,34.07232935,129.0155316,133.4397531,-78.47606578,-73.38584211,-31.97793262,-91.9991887,17.189191,110.3772966
Temperate_CS_Legume_NotAvailable,8.694383024,-1.285989616,11.03501448,18.09009131,5.60134483,88.23657666,133.4397531,-78.47606578,-73.38584211,47.43421752,-91.9991887,16.44832819,33.25267695
Temperate_CS_MTT_Coarse,1.21439307,-1.333601253,8.998924001,19.21278965,17.97130226,80.96705564,58.53203773,-78.47606578,-73.38584211,-14.63484051,-26.79103077,35.31671009,25.70598677
Temperate_CS_MTT_Fine,1.21439307,-4.359221671,10.01896803,27.2335517,38.32647356,80.96705564,58.53203773,-78.47606578,-73.38584211,-61.83925116,-26.79103077,60.37009122,17.91889527
Temperate_CS_MTT_Medium,1.21439307,-0.055668126,9.580408172,0.795851299,32.20041563,80.96705564,58.53203773,-78.47606578,-73.38584211,-43.60004002,-26.79103077,38.41491738,22.83366363
Temperate_CS_MTT_NotAvailable,1.21439307,-0.784996079,21.14884923,8.268494042,5.60134483,80.96705564,58.53203773,-78.47606578,-73.38584211,-38.09604964,-26.79103077,41.05992679,22.83366363
Temperate_CS_OtherCC_Coarse,-7.968371721,-2.215237691,16.09085218,4.545238178,-9.811782474,36.90006804,66.83834654,-78.47606578,-73.38584211,-30.93331655,124.4271403,-11.25910505,6.159764314
Temperate_CS_OtherCC_Fine,-7.968371721,-1.45999347,-17.0285832,47.63853974,38.32647356,36.90006804,66.83834654,-78.47606578,-73.38584211,-68.43331655,124.4271403,3.709621562,-34.66315717
Temperate_CS_OtherCC_Medium,-7.968371721,-0.459610926,21.80827131,-9.187881935,55.93510934,36.90006804,66.83834654,-78.47606578,-73.38584211,-69.65915634,124.4271403,51.57062314,53.40951733
Temperate_CS_OtherCC_NotAvailable,-7.968371721,-0.379726556,5.975244982,1.717300904,5.60134483,36.90006804,66.83834654,-78.47606578,-73.38584211,-11.81773183,124.4271403,5.895839245,12.21625565
Temperate_CSW_Grass_Coarse,1.17306027,-0.087907799,7.002509263,2.706508684,8.156771661,80.31104113,25.16471133,-78.47606578,-73.38584211,-15.11409818,-33.65478747,5.965366595,13.99345874
Temperate_CSW_Grass_Fine,1.17306027,-1.371046588,4.848955672,7.84209676,13.79013731,43.14484665,25.16471133,-78.47606578,-73.38584211,-51.76664989,-33.65478747,22.85978032,36.58121912
Temperate_CSW_Grass_Medium,1.17306027,-1.928159725,3.596081896,-28.56469561,23.35950142,88.8231245,25.16471133,-78.47606578,-73.38584211,30.4751379,-33.65478747,9.078522511,44.59270449
Temperate_CSW_Grass_NotAvailable,1.17306027,-0.784996079,0.9313761,-7.197268111,5.60134483,80.31104113,25.16471133,-78.47606578,-73.38584211,-45.0885915,-33.65478747,9.410299109,16.49081648
Temperate_CSW_Legume_Coarse,8.694383024,-1.724916714,6.995119786,23.34406505,-8.947554337,87.6263052,147.5627354,-78.47606578,-73.38584211,-14.63484051,-91.9991887,-2.020076329,28.14456809
Temperate_CSW_Legume_Fine,8.694383024,-5.560089558,36.54138101,39.28036582,41.40272503,67.39627906,147.5627354,-78.47606578,-73.38584211,-61.83925116,-91.9991887,16.76865251,20.12071025
Temperate_CSW_Legume_Medium,8.694383024,0.055986689,10.03119446,17.65409981,34.07232935,129.0155316,147.5627354,-78.47606578,-73.38584211,-31.97793262,-91.9991887,17.189191,110.3772966
Temperate_CSW_Legume_NotAvailable,8.694383024,-1.285989616,11.03501448,18.09009131,5.60134483,88.23657666,147.5627354,-78.47606578,-73.38584211,47.43421752,-91.9991887,16.44832819,33.25267695
Temperate_CSW_MTT_Coarse,1.21439307,-1.333601253,8.998924001,19.21278965,17.97130226,80.96705564,58.53203773,-78.47606578,-73.38584211,-14.63484051,-26.79103077,35.31671009,25.70598677
Temperate_CSW_MTT_Fine,1.21439307,-4.359221671,20.75961274,27.2335517,38.32647356,80.96705564,58.53203773,-78.47606578,-73.38584211,-61.83925116,-26.79103077,60.37009122,17.91889527
Temperate_CSW_MTT_Medium,1.21439307,-0.055668126,9.580408172,0.795851299,32.20041563,80.96705564,58.53203773,-78.47606578,-73.38584211,-43.60004002,-26.79103077,38.41491738,22.83366363
Temperate_CSW_MTT_NotAvailable,1.21439307,-0.784996079,21.14884923,8.268494042,5.60134483,80.96705564,58.53203773,-78.47606578,-73.38584211,-38.09604964,-26.79103077,41.05992679,22.83366363
Temperate_CSW_OtherCC_Coarse,-7.968371721,-2.215237691,16.09085218,4.545238178,-9.811782474,36.90006804,66.83834654,-78.47606578,-73.38584211,-30.93331655,124.4271403,-11.25910505,6.159764314
Temperate_CSW_OtherCC_Fine,-7.968371721,-1.45999347,-17.0285832,47.63853974,38.32647356,36.90006804,66.83834654,-78.47606578,-73.38584211,-68.43331655,124.4271403,3.709621562,-34.66315717
Temperate_CSW_OtherCC_Medium,-7.968371721,-0.459610926,21.80827131,-9.187881935,55.93510934,36.90006804,66.83834654,-78.47606578,-73.38584211,-69.65915634,124.4271403,51.57062314,53.40951733
Temperate_CSW_OtherCC_NotAvailable,-7.968371721,-0.379726556,5.975244982,1.717300904,5.60134483,36.90006804,66.83834654,-78.47606578,-73.38584211,-11.81773183,124.4271403,5.895839245,12.21625565
Temperate_Other_Grass_Coarse,-3.692479916,-0.60558492,4.582507047,5.362176924,8.156771661,80.31104113,25.16471133,-52.2274426,-38.26914639,-15.11409818,-33.65478747,2.09058838,11.33068608
Temperate_Other_Grass_Fine,3.135343169,-1.368384031,3.828247389,6.40490041,13.08756751,43.14484665,25.16471133,-52.2274426,-38.26914639,-51.76664989,-33.65478747,23.0899195,36.58121912
Temperate_Other_Grass_Medium,-2.256271899,-3.895452357,2.158632678,-12.30363924,23.35950142,88.8231245,25.16471133,-75.24562977,155.1109384,-77.69460497,-33.65478747,-4.734136123,68.35401359
Temperate_Other_Grass_NotAvailable,0.59432592,-0.784996079,1.005929198,0.135970597,5.60134483,80.31104113,25.16471133,-78.82100293,-60.90534108,-46.72789544,-33.65478747,9.410299109,16.49081648
Temperate_Other_Legume_Coarse,15.72555354,-0.626282218,5.94251493,4.699813205,23.35285009,87.6263052,133.4397531,-48.52941707,-74.07846635,-14.63484051,-91.9991887,-2.020076329,28.14456809
Temperate_Other_Legume_Fine,4.953990485,-5.560089558,43.75366504,51.63068516,50.72521694,63.17059863,133.4397531,-48.52941707,-78.33942737,-61.83925116,-91.9991887,16.76865251,20.12071025
Temperate_Other_Legume_Medium,4.651631479,-3.41492402,8.457351264,5.524296421,34.04464954,129.0155316,133.4397531,-48.52941707,-73.55855409,-31.97793262,-91.9991887,17.01687818,110.3772966
Temperate_Other_Legume_NotAvailable,17.24174177,1.51393157,15.72431796,18.17254006,5.60134483,88.23657666,133.4397531,-48.52941707,-74.07846635,47.43421752,-91.9991887,16.44832819,33.25267695
Temperate_Other_MTT_Coarse,-6.542254178,-1.190033229,6.444725648,6.262241681,10.80007838,80.96705564,138.8624455,-47.76111615,-45.77679599,-14.63484051,-26.79103077,53.96188206,25.83113718
Temperate_Other_MTT_Fine,-6.693964523,-3.65237908,15.62931029,21.51056611,38.32647356,80.96705564,138.8624455,-47.76111615,-45.77679599,-61.83925116,-26.79103077,60.37009122,17.91889527
Temperate_Other_MTT_Medium,3.666669933,-0.129759515,10.17405017,0.805896937,32.20041563,80.96705564,138.8624455,-47.76111615,-45.77679599,-43.69362402,-26.79103077,38.66984201,22.83366363
Temperate_Other_MTT_NotAvailable,-0.395014444,-0.784996079,15.98811133,8.268494042,-8.823612915,80.96705564,138.8624455,-47.76111615,-45.77679599,-38.09604964,-26.79103077,41.05992679,22.83366363
Temperate_Other_OtherCC_Coarse,-17.89401238,-2.23605017,15.94490667,4.495333487,-9.841843537,36.90006804,66.83834654,-48.52941707,-37.72492863,-30.93331655,24.77317382,-11.39015724,6.195878825
Temperate_Other_OtherCC_Fine,6.518358343,2.910312587,-13.46019263,2.67279976,38.32647356,36.90006804,66.83834654,-48.52941707,-37.72492863,-68.43331655,24.77317382,3.709621562,-34.66315717
Temperate_Other_OtherCC_Medium,1.296278239,-6.305811016,28.65165466,8.040746478,55.95891833,36.90006804,66.83834654,-48.52941707,-37.72492863,-69.65915634,24.5608592,51.57062314,53.40951733
Temperate_Other_OtherCC_NotAvailable,-13.412806,-0.00046785,7.30392073,0.544665939,5.60134483,36.90006804,66.83834654,-48.52941707,-37.72492863,-11.81773183,24.77317382,5.895839245,12.21625565
Temperate_Soybean_Grass_Coarse,-5.287900155,0.856545869,7.892150531,2.706508684,8.156771661,80.31104113,25.16471133,-88.22645113,-84.30416735,-15.11409818,-33.65478747,5.965366595,13.99345874
Temperate_Soybean_Grass_Fine,-7.746076216,-1.371046588,-0.482529006,7.84209676,13.79013731,43.14484665,25.16471133,-88.22645113,-84.30416735,-51.76664989,-33.65478747,22.85978032,36.58121912
Temperate_Soybean_Grass_Medium,-12.35077811,0,4.678427493,-28.56469561,23.35950142,88.8231245,25.16471133,-88.2023212,-84.36153823,50.76184514,-33.65478747,9.078522511,44.59270449
Temperate_Soybean_Grass_NotAvailable,-7.746076216,-0.784996079,0.9313761,-7.197268111,5.60134483,80.31104113,25.16471133,-88.22645113,-84.30416735,-45.0885915,-33.65478747,9.410299109,16.49081648
Temperate_Soybean_Legume_Coarse,8.694383024,-1.724916714,6.995119786,23.34406505,-19.42266759,87.6263052,133.4397531,-88.27759784,-84.30143307,-14.63484051,-91.9991887,2.995420325,28.14456809
Temperate_Soybean_Legume_Fine,8.694383024,-5.560089558,36.54138101,39.28036582,28.93809678,71.92022908,133.4397531,-88.27759784,-84.30143307,-61.83925116,-91.9991887,16.76865251,20.12071025
Temperate_Soybean_Legume_Medium,8.694383024,-0.555033948,5.625056994,17.65409981,34.07232935,129.0155316,133.4397531,-88.27759784,-84.30143307,-31.97793262,-91.9991887,17.189191,110.3772966
Temperate_Soybean_Legume_NotAvailable,8.694383024,-1.285989616,11.03501448,18.09009131,5.60134483,88.23657666,133.4397531,-88.27759784,-84.30143307,47.43421752,-91.9991887,16.44832819,33.25267695
Temperate_Soybean_MTT_Coarse,1.21439307,-3.75052267,11.19423548,19.21278965,17.97130226,80.96705564,58.53203773,-88.27759784,-84.30143307,-14.63484051,-26.79103077,35.31671009,25.70598677
Temperate_Soybean_MTT_Fine,1.21439307,-4.359221671,20.75961274,27.2335517,38.32647356,80.96705564,58.53203773,-88.27759784,-84.30143307,-61.83925116,-26.79103077,60.37009122,17.91889527
Temperate_Soybean_MTT_Medium,1.21439307,-0.555033948,5.311431563,0.795851299,32.20041563,80.96705564,58.53203773,-88.27759784,-84.30143307,-43.60004002,-26.79103077,38.41491738,22.83366363
Temperate_Soybean_MTT_NotAvailable,1.21439307,-0.784996079,21.14884923,8.268494042,5.60134483,80.96705564,58.53203773,-88.27759784,-84.30143307,-38.09604964,-26.79103077,41.05992679,22.83366363
Temperate_Soybean_OtherCC_Coarse,-0.481640422,-2.215237691,16.09085218,4.545238178,-9.811782474,36.90006804,66.83834654,-88.27759784,-84.30143307,-30.93331655,191.097688,-11.25910505,6.159764314
Temperate_Soybean_OtherCC_Fine,-0.481640422,-1.45999347,-17.0285832,47.63853974,38.32647356,36.90006804,66.83834654,-88.27759784,-84.30143307,-68.43331655,191.097688,3.709621562,-34.66315717
Temperate_Soybean_OtherCC_Medium,-0.481640422,0,1.078100412,-9.187881935,55.93510934,36.90006804,66.83834654,-88.27759784,-84.30143307,-69.65915634,191.097688,51.57062314,53.40951733
Temperate_Soybean_OtherCC_NotAvailable,-0.597501821,-0.379726556,5.975244982,1.717300904,5.60134483,36.90006804,66.83834654,-88.27759784,-84.30143307,-11.81773183,194.6145765,5.895839245,12.21625565
Temperate_Vegetable_Grass_Coarse,-10.83883057,-1.502746366,12.11299129,8.797427598,8.156771661,80.31104113,61.47272984,-78.47606578,-73.38584211,-15.11409818,-33.99065964,22.99511851,36.75775063
Temperate_Vegetable_Grass_Fine,10.98674296,-1.371046588,4.848955672,7.84209676,13.79013731,43.14484665,61.47272984,-78.47606578,-73.38584211,-51.76664989,-33.99065964,22.85978032,36.58121912
Temperate_Vegetable_Grass_Medium,34.56928224,-1.181087676,5.299717141,-43.03152064,23.35950142,88.8231245,61.47272984,-78.47606578,-73.38584211,-77.69460497,-33.72913484,40.03921948,33.75869589
Temperate_Vegetable_Grass_NotAvailable,-1.187107836,-0.784996079,0.9313761,-7.921070913,5.60134483,80.31104113,61.47272984,-78.47606578,-73.38584211,-40.2684948,-33.99065964,9.410299109,16.49081648
Temperate_Vegetable_Legume_Coarse,26.3322605,-8.01338302,4.570345691,13.21692786,6.23955195,87.6263052,133.4397531,-78.47606578,-73.38584211,-14.63484051,-68.06767125,-5.438623036,28.32180175
Temperate_Vegetable_Legume_Fine,-28.05856044,-5.560089558,36.54138101,39.28036582,41.40272503,67.39627906,133.4397531,-78.47606578,-73.38584211,-61.83925116,-68.06767125,16.76865251,20.12071025
Temperate_Vegetable_Legume_Medium,77.39640928,3.581587785,27.04724723,17.65409981,34.07232935,129.0155316,133.4397531,-78.47606578,-73.38584211,-31.97793262,-67.97185998,17.189191,110.3772966
Temperate_Vegetable_Legume_NotAvailable,-45.55971838,-1.285989616,11.03501448,18.09009131,5.60134483,88.23657666,133.4397531,-78.47606578,-73.38584211,47.43421752,-68.06767125,16.44832819,33.25267695
Temperate_Vegetable_MTT_Coarse,6.840332576,-2.278526504,20.40979247,12.13637935,21.38766744,80.96705564,58.53203773,-78.47606578,-73.38584211,-14.63484051,-26.79103077,19.06393397,25.70598677
Temperate_Vegetable_MTT_Fine,5.660648456,-4.359221671,15.38519894,13.06296521,38.32647356,80.96705564,58.53203773,-78.47606578,-73.38584211,-61.83925116,-26.79103077,79.6775909,17.91889527
Temperate_Vegetable_MTT_Medium,7.445752303,-0.055668126,9.580408172,0.795851299,32.20041563,80.96705564,58.53203773,-78.47606578,-73.38584211,-43.60004002,-26.79103077,38.41491738,22.83366363
Temperate_Vegetable_MTT_NotAvailable,5.660648456,-0.784996079,33.21995455,8.268494042,26.05930279,80.96705564,58.53203773,-78.47606578,-73.38584211,-38.09604964,-26.79103077,41.05992679,22.83366363
Temperate_Vegetable_OtherCC_Coarse,6.239573398,-2.215237691,16.09085218,4.545238178,-9.811782474,36.90006804,66.83834654,-78.47606578,-73.38584211,-30.93331655,-28.73477137,-11.25910505,6.159764314
Temperate_Vegetable_OtherCC_Fine,6.239573398,-5.473066735,-9.871589303,73.51004166,38.32647356,36.90006804,66.83834654,-78.47606578,-73.38584211,-68.43331655,-28.73477137,3.709621562,-34.66315717
Temperate_Vegetable_OtherCC_Medium,7.408146997,3.546552079,25.63406675,-24.50165351,55.93510934,36.90006804,66.83834654,-78.47606578,-73.38584211,-69.65915634,-28.85438008,51.85497859,53.61599313
Temperate_Vegetable_OtherCC_NotAvailable,2.672021275,-0.379726556,5.975244982,1.717300904,5.60134483,36.90006804,66.83834654,-78.47606578,-73.38584211,-11.81773183,-28.73477137,5.895839245,12.21625565
Temperate_Wheat_Grass_Coarse,-1.102680853,-0.087907799,7.002509263,2.706508684,8.156771661,80.31104113,25.16471133,-78.47606578,-73.38584211,-38.62562424,-33.65478747,5.965366595,13.99345874
Temperate_Wheat_Grass_Fine,-1.102680853,-1.371046588,4.848955672,7.84209676,13.79013731,43.14484665,25.16471133,-78.47606578,-73.38584211,-51.76664989,-33.65478747,22.85978032,36.58121912
Temperate_Wheat_Grass_Medium,-3.4068503,-1.928159725,3.955119081,-28.56469561,23.35950142,88.8231245,25.16471133,-78.47606578,-73.38584211,-77.69460497,-33.65478747,9.078522511,44.59270449
Temperate_Wheat_Grass_NotAvailable,7.163302045,-0.784996079,0.9313761,-7.197268111,5.60134483,80.31104113,25.16471133,-78.47606578,-73.38584211,-45.0885915,-33.65478747,9.410299109,16.49081648
Temperate_Wheat_Legume_Coarse,8.694383024,-1.724916714,6.995119786,23.34406505,-8.947554337,87.6263052,133.4397531,-78.47606578,-73.38584211,-14.63484051,-91.9991887,-2.020076329,28.14456809
Temperate_Wheat_Legume_Fine,8.694383024,-5.560089558,36.54138101,39.28036582,41.40272503,67.39627906,133.4397531,-78.47606578,-73.38584211,-61.83925116,-91.9991887,16.76865251,20.12071025
Temperate_Wheat_Legume_Medium,8.694383024,-0.5463331,-1.393823753,17.65409981,34.07232935,129.0155316,133.4397531,-78.47606578,-73.38584211,-31.97793262,-91.9991887,17.189191,110.3772966
Temperate_Wheat_Legume_NotAvailable,8.694383024,-1.285989616,11.03501448,18.09009131,5.60134483,88.23657666,133.4397531,-78.47606578,-73.38584211,47.43421752,-91.9991887,16.44832819,33.25267695
Temperate_Wheat_MTT_Coarse,10.89890687,-1.333601253,8.998924001,19.21278965,17.97130226,80.96705564,58.53203773,-78.47606578,-73.38584211,-14.63484051,-26.79103077,35.31671009,25.70598677
Temperate_Wheat_MTT_Fine,-4.846127279,-3.153413931,33.93970413,28.5763318,38.32647356,80.96705564,58.53203773,-78.47606578,-73.38584211,-61.83925116,-26.79103077,25.14619992,17.91889527
Temperate_Wheat_MTT_Medium,13.03789922,-0.055668126,9.580408172,0.795851299,32.20041563,80.96705564,58.53203773,-78.47606578,-73.38584211,-43.60004002,-26.79103077,38.41491738,22.83366363
Temperate_Wheat_MTT_NotAvailable,10.89890687,-0.784996079,21.14884923,8.268494042,5.60134483,80.96705564,58.53203773,-78.47606578,-73.38584211,-38.09604964,-26.79103077,41.05992679,22.83366363
Temperate_Wheat_OtherCC_Coarse,3.862001426,-2.215237691,16.09085218,4.545238178,-9.811782474,36.90006804,66.83834654,-78.47606578,-73.38584211,-30.93331655,124.4271403,-11.25910505,6.159764314
Temperate_Wheat_OtherCC_Fine,3.862001426,-1.45999347,-17.0285832,47.63853974,38.32647356,36.90006804,66.83834654,-78.47606578,-73.38584211,-68.43331655,124.4271403,3.709621562,-34.66315717
Temperate_Wheat_OtherCC_Medium,11.713564,-0.459610926,21.80827131,-9.187881935,55.93510934,36.90006804,66.83834654,-78.47606578,-73.38584211,-69.65915634,124.4271403,51.57062314,53.40951733
Temperate_Wheat_OtherCC_NotAvailable,-15.44378013,-0.379726556,3.257786956,1.717300904,5.60134483,36.90006804,66.83834654,-78.47606578,-73.38584211,-11.81773183,124.4271403,5.895839245,12.21625565
Tropical_Corn_Grass_Coarse,9.660329066,2.392569769,16.88397571,24.20967051,13.37236685,52.44860731,133.4397531,-75.24562977,-73.35195517,-24.65437292,-52.26776861,47.69680651,26.29327903
Tropical_Corn_Grass_Fine,13.45057384,-0.994940697,6.56515776,24.20967051,13.37236685,52.44860731,133.4397531,-75.24562977,-73.35195517,-24.65437292,-52.26776861,47.69680651,26.29327903
Tropical_Corn_Grass_Medium,14.37333804,-0.953754367,10.26743293,24.20967051,13.37236685,52.44860731,133.4397531,-75.24562977,-73.35195517,-24.65437292,-52.26776861,47.69680651,26.29327903
Tropical_Corn_Grass_NotAvailable,14.37333804,-0.953754367,10.26743293,24.20967051,13.37236685,52.44860731,133.4397531,-75.24562977,-73.35195517,-12.48313205,-52.26776861,47.69680651,26.29327903
Tropical_Corn_Legume_Coarse,26.28958087,2.062324341,22.10592172,52.35128239,13.37236685,96.95362943,133.4397531,-75.24562977,-73.35195517,-24.65437292,-52.17523903,47.69680651,26.29327903
Tropical_Corn_Legume_Fine,14.90669312,-6.037979055,-2.571896571,8.392650804,13.37236685,62.1924657,133.4397531,-75.24562977,-73.35195517,-24.65437292,-52.26776861,47.69680651,26.29327903
Tropical_Corn_Legume_Medium,-2.955741469,-0.953754367,8.571672492,11.13971564,13.37236685,82.64261086,133.4397531,-75.24562977,-73.35195517,-24.65437292,-52.26776861,47.69680651,26.29327903
Tropical_Corn_Legume_NotAvailable,18.42672025,-0.953754367,-1.07846381,-2.002997843,13.37236685,82.64261086,133.4397531,-75.24562977,-73.35195517,-34.66142526,-52.26776861,47.69680651,26.29327903
Tropical_Corn_MTT_Coarse,20.54927559,1.659807876,8.485703351,12.7437003,13.37236685,65.31208313,133.4397531,-75.24562977,-73.35195517,-24.65437292,-52.26776861,47.69680651,26.29327903
Tropical_Corn_MTT_Fine,20.54927559,1.257636757,8.485703351,12.7437003,13.37236685,65.31208313,133.4397531,-75.24562977,-73.35195517,-24.65437292,-52.26776861,47.69680651,26.29327903
Tropical_Corn_MTT_Medium,20.54927559,-0.953754367,8.485703351,12.7437003,13.37236685,65.31208313,133.4397531,-75.24562977,-73.35195517,-24.65437292,-52.26776861,47.69680651,26.29327903
Tropical_Corn_MTT_NotAvailable,20.51335805,-0.953754367,8.485703351,12.7437003,13.37236685,65.31208313,133.4397531,-75.24562977,-73.35195517,-24.65437292,-52.26776861,47.69680651,26.29327903
Tropical_Corn_OtherCC_Coarse,3.682706164,-4.209728641,44.66260801,19.72793827,13.37236685,65.31208313,133.4397531,-75.24562977,-73.35195517,-24.65437292,-52.26776861,51.62094141,26.29327903
Tropical_Corn_OtherCC_Fine,3.886682884,-5.531941512,8.431157328,3.926651644,13.37236685,65.31208313,133.4397531,-75.24562977,-73.35195517,-24.65437292,-52.26776861,28.93591713,26.29327903
Tropical_Corn_OtherCC_Medium,3.682706164,-0.953754367,31.19922149,21.91257924,13.37236685,65.31208313,133.4397531,-75.24562977,-73.35195517,-24.65437292,-52.26776861,47.4101083,26.29327903
Tropical_Corn_OtherCC_NotAvailable,3.682706164,-0.953754367,31.19922149,21.91257924,13.37236685,65.31208313,133.4397531,-75.24562977,-73.35195517,-24.65437292,-52.26776861,47.4101083,26.29327903
Tropical_CS_Grass_Coarse,24.52608414,2.285727709,16.88397571,24.20967051,13.37236685,52.44860731,133.4397531,-75.24562977,-73.35195517,-24.65437292,-52.26776861,47.69680651,26.29327903
Tropical_CS_Grass_Fine,24.52608414,-0.994940697,6.56515776,24.20967051,13.37236685,52.44860731,133.4397531,-75.24562977,-73.35195517,-24.65437292,-52.26776861,47.69680651,26.29327903
Tropical_CS_Grass_Medium,24.52608414,-0.953754367,10.26743293,24.20967051,13.37236685,52.44860731,133.4397531,-75.24562977,-73.35195517,-24.65437292,-52.26776861,47.69680651,26.29327903
Tropical_CS_Grass_NotAvailable,24.52608414,-0.953754367,10.26743293,24.20967051,13.37236685,52.44860731,133.4397531,-75.24562977,-73.35195517,-12.48313205,-52.26776861,47.69680651,26.29327903
Tropical_CS_Legume_Coarse,15.73275645,2.03455312,22.16295702,52.44213488,13.37236685,96.95362943,133.4397531,-75.24562977,-73.35195517,-24.65437292,-52.29025357,47.69680651,26.29327903
Tropical_CS_Legume_Fine,15.73275645,-6.017843065,-1.732266893,8.37281973,13.37236685,62.1924657,133.4397531,-75.24562977,-73.35195517,-24.65437292,-52.29025357,47.69680651,26.29327903
Tropical_CS_Legume_Medium,15.73275645,-0.953754367,8.571672492,11.13971564,13.37236685,82.64261086,133.4397531,-75.24562977,-73.35195517,-24.65437292,-52.29025357,47.69680651,26.29327903
Tropical_CS_Legume_NotAvailable,15.73275645,-0.953754367,-1.007442828,-2.044627893,13.37236685,82.64261086,133.4397531,-75.24562977,-73.35195517,-34.66142526,-52.29025357,47.69680651,26.29327903
Tropical_CS_MTT_Coarse,20.59114079,1.659807876,8.485703351,12.7437003,13.37236685,65.31208313,133.4397531,-75.24562977,-73.35195517,-24.65437292,-52.26776861,47.69680651,26.29327903
Tropical_CS_MTT_Fine,20.59114079,1.257636757,8.485703351,12.7437003,13.37236685,65.31208313,133.4397531,-75.24562977,-73.35195517,-24.65437292,-52.26776861,47.69680651,26.29327903
Tropical_CS_MTT_Medium,20.59114079,-0.953754367,8.485703351,12.7437003,13.37236685,65.31208313,133.4397531,-75.24562977,-73.35195517,-24.65437292,-52.26776861,47.69680651,26.29327903
Tropical_CS_MTT_NotAvailable,20.59114079,-0.953754367,8.485703351,12.7437003,13.37236685,65.31208313,133.4397531,-75.24562977,-73.35195517,-24.65437292,-52.26776861,47.69680651,26.29327903
Tropical_CS_OtherCC_Coarse,0.016047853,-4.209728641,44.66260801,19.72793827,13.37236685,65.31208313,133.4397531,-75.24562977,-73.35195517,-24.65437292,-52.26776861,51.62094141,26.29327903
Tropical_CS_OtherCC_Fine,0.016047853,-5.531941512,21.80434926,18.96401182,13.37236685,65.31208313,133.4397531,-75.24562977,-73.35195517,-24.65437292,-52.26776861,28.93591713,26.29327903
Tropical_CS_OtherCC_Medium,0.016047853,-0.953754367,31.19922149,21.91257924,13.37236685,65.31208313,133.4397531,-75.24562977,-73.35195517,-24.65437292,-52.26776861,47.4101083,26.29327903
Tropical_CS_OtherCC_NotAvailable,0.016047853,-0.953754367,31.19922149,21.91257924,13.37236685,65.31208313,133.4397531,-75.24562977,-73.35195517,-24.65437292,-52.26776861,47.4101083,26.29327903
Tropical_CSW_Grass_Coarse,24.52608414,2.285727709,16.88397571,24.20967051,13.37236685,52.44860731,133.4397531,-75.24562977,-73.35195517,-24.65437292,-52.26776861,47.69680651,26.29327903
Tropical_CSW_Grass_Fine,24.52608414,-0.994940697,6.56515776,24.20967051,13.37236685,52.44860731,133.4397531,-75.24562977,-73.35195517,-24.65437292,-52.26776861,47.69680651,26.29327903
Tropical_CSW_Grass_Medium,24.52608414,-0.953754367,10.26743293,24.20967051,13.37236685,52.44860731,133.4397531,-75.24562977,-73.35195517,-24.65437292,-52.26776861,47.69680651,26.29327903
Tropical_CSW_Grass_NotAvailable,24.52608414,-0.953754367,10.26743293,24.20967051,13.37236685,52.44860731,133.4397531,-75.24562977,-73.35195517,-12.48313205,-52.26776861,47.69680651,26.29327903
Tropical_CSW_Legume_Coarse,15.73275645,2.03455312,22.16295702,52.44213488,13.37236685,96.95362943,133.4397531,-75.24562977,-73.35195517,-24.65437292,-52.29025357,47.69680651,26.29327903
Tropical_CSW_Legume_Fine,15.73275645,-6.017843065,-1.732266893,8.37281973,13.37236685,62.1924657,133.4397531,-75.24562977,-73.35195517,-24.65437292,-52.29025357,47.69680651,26.29327903
Tropical_CSW_Legume_Medium,15.73275645,-0.953754367,8.571672492,11.13971564,13.37236685,82.64261086,133.4397531,-75.24562977,-73.35195517,-24.65437292,-52.29025357,47.69680651,26.29327903
Tropical_CSW_Legume_NotAvailable,15.73275645,-0.953754367,-1.007442828,-2.044627893,13.37236685,82.64261086,133.4397531,-75.24562977,-73.35195517,-34.66142526,-52.29025357,47.69680651,26.29327903
Tropical_CSW_MTT_Coarse,20.59114079,1.659807876,8.485703351,12.7437003,13.37236685,65.31208313,133.4397531,-75.24562977,-73.35195517,-24.65437292,-52.26776861,47.69680651,26.29327903
Tropical_CSW_MTT_Fine,20.59114079,1.257636757,8.485703351,12.7437003,13.37236685,65.31208313,133.4397531,-75.24562977,-73.35195517,-24.65437292,-52.26776861,47.69680651,26.29327903
Tropical_CSW_MTT_Medium,20.59114079,-0.953754367,8.485703351,12.7437003,13.37236685,65.31208313,133.4397531,-75.24562977,-73.35195517,-24.65437292,-52.26776861,47.69680651,26.29327903
Tropical_CSW_MTT_NotAvailable,20.59114079,-0.953754367,8.485703351,12.7437003,13.37236685,65.31208313,133.4397531,-75.24562977,-73.35195517,-24.65437292,-52.26776861,47.69680651,26.29327903
Tropical_CSW_OtherCC_Coarse,0.016047853,-4.209728641,44.66260801,19.72793827,13.37236685,65.31208313,133.4397531,-75.24562977,-73.35195517,-24.65437292,-52.26776861,51.62094141,26.29327903
Tropical_CSW_OtherCC_Fine,0.016047853,-5.531941512,21.80434926,18.96401182,13.37236685,65.31208313,133.4397531,-75.24562977,-73.35195517,-24.65437292,-52.26776861,28.93591713,26.29327903
Tropical_CSW_OtherCC_Medium,0.016047853,-0.953754367,31.19922149,21.91257924,13.37236685,65.31208313,133.4397531,-75.24562977,-73.35195517,-24.65437292,-52.26776861,47.4101083,26.29327903
Tropical_CSW_OtherCC_NotAvailable,0.016047853,-0.953754367,31.19922149,21.91257924,13.37236685,65.31208313,133.4397531,-75.24562977,-73.35195517,-24.65437292,-52.26776861,47.4101083,26.29327903
Tropical_Other_Grass_Coarse,-28.66226202,2.285727709,16.88397571,24.20967051,13.37236685,52.44860731,133.4397531,-75.24562977,-73.35195517,-24.65437292,-52.26776861,47.69680651,26.29327903
Tropical_Other_Grass_Fine,-28.66226202,-0.994940697,6.56515776,24.20967051,13.37236685,52.44860731,133.4397531,-75.24562977,-73.35195517,-24.65437292,-52.26776861,47.69680651,26.29327903
Tropical_Other_Grass_Medium,-28.66226202,-0.953754367,10.26743293,24.20967051,13.37236685,52.44860731,133.4397531,-75.24562977,-73.35195517,-24.65437292,-52.26776861,47.69680651,26.29327903
Tropical_Other_Grass_NotAvailable,-28.66226202,-0.953754367,10.26743293,24.20967051,13.37236685,52.44860731,133.4397531,-75.24562977,-73.35195517,-12.48313205,-52.26776861,47.69680651,26.29327903
Tropical_Other_Legume_Coarse,-15.56582888,2.03455312,22.16295702,52.44213488,13.37236685,96.95362943,133.4397531,-75.24562977,-73.35195517,-24.65437292,-52.29025357,47.69680651,26.29327903
Tropical_Other_Legume_Fine,-23.23128583,-6.017843065,5.520339351,8.37281973,13.37236685,62.1924657,133.4397531,-75.24562977,-73.35195517,-24.65437292,-52.29025357,47.69680651,26.29327903
Tropical_Other_Legume_Medium,37.50153668,-0.953754367,8.571672492,11.13971564,13.37236685,82.64261086,133.4397531,-75.24562977,-73.35195517,-24.65437292,-52.29025357,47.69680651,26.29327903
Tropical_Other_Legume_NotAvailable,-17.23046316,-0.953754367,-1.007442828,-2.044627893,13.37236685,82.64261086,133.4397531,-75.24562977,-73.35195517,-34.66142526,-52.29025357,47.69680651,26.29327903
Tropical_Other_MTT_Coarse,20.59114079,1.659807876,8.485703351,12.7437003,13.37236685,65.31208313,133.4397531,-75.24562977,-73.35195517,-24.65437292,-52.26776861,47.69680651,26.29327903
Tropical_Other_MTT_Fine,20.59114079,1.257636757,8.485703351,12.7437003,13.37236685,65.31208313,133.4397531,-75.24562977,-73.35195517,-24.65437292,-52.26776861,47.69680651,26.29327903
Tropical_Other_MTT_Medium,20.59114079,-0.953754367,8.485703351,12.7437003,13.37236685,65.31208313,133.4397531,-75.24562977,-73.35195517,-24.65437292,-52.26776861,47.69680651,26.29327903
Tropical_Other_MTT_NotAvailable,20.59114079,-0.953754367,8.485703351,12.7437003,13.37236685,65.31208313,133.4397531,-75.24562977,-73.35195517,-24.65437292,-52.26776861,47.69680651,26.29327903
Tropical_Other_OtherCC_Coarse,-3.74413327,-4.209728641,61.89196291,15.87633718,13.37236685,65.31208313,133.4397531,-75.24562977,-73.35195517,-24.65437292,-52.26776861,51.62094141,26.29327903
Tropical_Other_OtherCC_Fine,-3.73855066,-5.531941512,21.80434926,18.96401182,13.37236685,65.31208313,133.4397531,-75.24562977,-73.35195517,-24.65437292,-52.26776861,28.93591713,26.29327903
Tropical_Other_OtherCC_Medium,-3.73855066,-0.953754367,31.19922149,21.91257924,13.37236685,65.31208313,133.4397531,-75.24562977,-73.35195517,-24.65437292,-52.26776861,47.4101083,26.29327903
Tropical_Other_OtherCC_NotAvailable,-3.73855066,-0.953754367,31.19922149,21.91257924,13.37236685,65.31208313,133.4397531,-75.24562977,-73.35195517,-24.65437292,-52.26776861,47.4101083,26.29327903
Tropical_Soybean_Grass_Coarse,24.52608414,2.285727709,16.88397571,24.20967051,13.37236685,52.44860731,133.4397531,-75.24562977,-73.35195517,-24.65437292,-52.26776861,47.69680651,26.29327903
Tropical_Soybean_Grass_Fine,24.52608414,-0.994940697,6.56515776,24.20967051,13.37236685,52.44860731,133.4397531,-75.24562977,-73.35195517,-24.65437292,-52.26776861,47.69680651,26.29327903
Tropical_Soybean_Grass_Medium,24.52608414,-0.953754367,10.26743293,24.20967051,13.37236685,52.44860731,133.4397531,-75.24562977,-73.35195517,-24.65437292,-52.26776861,47.69680651,26.29327903
Tropical_Soybean_Grass_NotAvailable,24.52608414,-0.953754367,10.26743293,24.20967051,13.37236685,52.44860731,133.4397531,-75.24562977,-73.35195517,-12.48313205,-52.26776861,47.69680651,26.29327903
Tropical_Soybean_Legume_Coarse,15.73275645,2.03455312,22.16295702,52.44213488,13.37236685,96.95362943,133.4397531,-75.24562977,-73.35195517,-24.65437292,-52.29025357,47.69680651,26.29327903
Tropical_Soybean_Legume_Fine,15.73275645,-6.017843065,-1.732266893,8.37281973,13.37236685,62.1924657,133.4397531,-75.24562977,-73.35195517,-24.65437292,-52.29025357,47.69680651,26.29327903
Tropical_Soybean_Legume_Medium,15.73275645,-0.953754367,8.571672492,11.13971564,13.37236685,82.64261086,133.4397531,-75.24562977,-73.35195517,-24.65437292,-52.29025357,47.69680651,26.29327903
Tropical_Soybean_Legume_NotAvailable,15.73275645,-0.953754367,-1.007442828,-2.044627893,13.37236685,82.64261086,133.4397531,-75.24562977,-73.35195517,-34.66142526,-52.29025357,47.69680651,26.29327903
Tropical_Soybean_MTT_Coarse,20.59114079,1.659807876,8.485703351,12.7437003,13.37236685,65.31208313,133.4397531,-75.24562977,-73.35195517,-24.65437292,-52.26776861,47.69680651,26.29327903
Tropical_Soybean_MTT_Fine,20.59114079,1.257636757,8.485703351,12.7437003,13.37236685,65.31208313,133.4397531,-75.24562977,-73.35195517,-24.65437292,-52.26776861,47.69680651,26.29327903
Tropical_Soybean_MTT_Medium,20.59114079,-0.953754367,8.485703351,12.7437003,13.37236685,65.31208313,133.4397531,-75.24562977,-73.35195517,-24.65437292,-52.26776861,47.69680651,26.29327903
Tropical_Soybean_MTT_NotAvailable,20.59114079,-0.953754367,8.485703351,12.7437003,13.37236685,65.31208313,133.4397531,-75.24562977,-73.35195517,-24.65437292,-52.26776861,47.69680651,26.29327903
Tropical_Soybean_OtherCC_Coarse,0.016047853,-4.209728641,44.66260801,19.72793827,13.37236685,65.31208313,133.4397531,-75.24562977,-73.35195517,-24.65437292,-52.26776861,51.62094141,26.29327903
Tropical_Soybean_OtherCC_Fine,0.016047853,-5.531941512,21.80434926,18.96401182,13.37236685,65.31208313,133.4397531,-75.24562977,-73.35195517,-24.65437292,-52.26776861,28.93591713,26.29327903
Tropical_Soybean_OtherCC_Medium,0.016047853,-0.953754367,31.19922149,21.91257924,13.37236685,65.31208313,133.4397531,-75.24562977,-73.35195517,-24.65437292,-52.26776861,47.4101083,26.29327903
Tropical_Soybean_OtherCC_NotAvailable,0.016047853,-0.953754367,31.19922149,21.91257924,13.37236685,65.31208313,133.4397531,-75.24562977,-73.35195517,-24.65437292,-52.26776861,47.4101083,26.29327903
Tropical_Vegetable_Grass_Coarse,107.4478385,2.285727709,16.88397571,24.20967051,13.37236685,52.44860731,133.4397531,-75.24562977,-73.35195517,-24.65437292,-52.26776861,47.69680651,26.29327903
Tropical_Vegetable_Grass_Fine,106.935447,-0.994940697,6.56515776,24.20967051,13.37236685,52.44860731,133.4397531,-75.24562977,-73.35195517,-24.65437292,-52.26776861,47.69680651,26.29327903
Tropical_Vegetable_Grass_Medium,106.935447,-0.953754367,10.26743293,24.20967051,13.37236685,52.44860731,133.4397531,-75.24562977,-73.35195517,-24.65437292,-52.26776861,47.69680651,26.29327903
Tropical_Vegetable_Grass_NotAvailable,106.935447,-0.953754367,10.26743293,24.20967051,13.37236685,52.44860731,133.4397531,-75.24562977,-73.35195517,-12.48313205,-52.26776861,47.69680651,26.29327903
Tropical_Vegetable_Legume_Coarse,-2.807161419,2.03455312,22.16295702,52.44213488,13.37236685,96.95362943,133.4397531,-75.24562977,-73.35195517,-24.65437292,-52.29025357,47.69680651,26.29327903
Tropical_Vegetable_Legume_Fine,6.428793811,-6.017843065,-1.732266893,8.37281973,13.37236685,62.1924657,133.4397531,-75.24562977,-73.35195517,-24.65437292,-52.29025357,47.69680651,26.29327903
Tropical_Vegetable_Legume_Medium,21.57940837,-0.953754367,8.571672492,11.13971564,13.37236685,82.64261086,133.4397531,-75.24562977,-73.35195517,-24.65437292,-52.29025357,47.69680651,26.29327903
Tropical_Vegetable_Legume_NotAvailable,0.779904255,-0.953754367,-1.007442828,-2.044627893,13.37236685,82.64261086,133.4397531,-75.24562977,-73.35195517,-34.66142526,-52.29025357,47.69680651,26.29327903
Tropical_Vegetable_MTT_Coarse,20.59114079,1.659807876,8.485703351,12.7437003,13.37236685,65.31208313,133.4397531,-75.24562977,-73.35195517,-24.65437292,-52.26776861,47.69680651,26.29327903
Tropical_Vegetable_MTT_Fine,20.59114079,1.257636757,8.485703351,12.7437003,13.37236685,65.31208313,133.4397531,-75.24562977,-73.35195517,-24.65437292,-52.26776861,47.69680651,26.29327903
Tropical_Vegetable_MTT_Medium,20.59114079,-0.953754367,8.485703351,12.7437003,13.37236685,65.31208313,133.4397531,-75.24562977,-73.35195517,-24.65437292,-52.26776861,47.69680651,26.29327903
Tropical_Vegetable_MTT_NotAvailable,20.59114079,-0.953754367,8.485703351,12.7437003,13.37236685,65.31208313,133.4397531,-75.24562977,-73.35195517,-24.65437292,-52.26776861,47.69680651,26.29327903
Tropical_Vegetable_OtherCC_Coarse,0.016047853,-4.209728641,37.334234,19.72793827,13.37236685,65.31208313,133.4397531,-75.24562977,-73.35195517,-24.65437292,-52.26776861,51.62094141,26.29327903
Tropical_Vegetable_OtherCC_Fine,0.016047853,-5.531941512,24.44217347,20.70221686,13.37236685,65.31208313,133.4397531,-75.24562977,-73.35195517,-24.65437292,-52.26776861,28.93591713,26.29327903
Tropical_Vegetable_OtherCC_Medium,0.016047853,-0.953754367,31.19922149,21.91257924,13.37236685,65.31208313,133.4397531,-75.24562977,-73.35195517,-24.65437292,-52.26776861,47.4101083,26.29327903
Tropical_Vegetable_OtherCC_NotAvailable,0.016047853,-0.953754367,31.19922149,21.91257924,13.37236685,65.31208313,133.4397531,-75.24562977,-73.35195517,-24.65437292,-52.26776861,47.4101083,26.29327903
Tropical_Wheat_Grass_Coarse,24.52608414,2.285727709,16.88397571,24.20967051,13.37236685,52.44860731,133.4397531,-75.24562977,-73.35195517,-24.65437292,-52.26776861,47.69680651,26.29327903
Tropical_Wheat_Grass_Fine,24.52608414,-0.994940697,6.56515776,24.20967051,13.37236685,52.44860731,133.4397531,-75.24562977,-73.35195517,-24.65437292,-52.26776861,47.69680651,26.29327903
Tropical_Wheat_Grass_Medium,24.52608414,-0.953754367,10.26743293,24.20967051,13.37236685,52.44860731,133.4397531,-75.24562977,-73.35195517,-24.65437292,-52.26776861,47.69680651,26.29327903
Tropical_Wheat_Grass_NotAvailable,24.52608414,-0.953754367,10.26743293,24.20967051,13.37236685,52.44860731,133.4397531,-75.24562977,-73.35195517,-12.48313205,-52.26776861,47.69680651,26.29327903
Tropical_Wheat_Legume_Coarse,15.73275645,2.03455312,22.16295702,52.44213488,13.37236685,96.95362943,133.4397531,-75.24562977,-73.35195517,-24.65437292,-52.29025357,47.69680651,26.29327903
Tropical_Wheat_Legume_Fine,15.73275645,-6.017843065,-1.732266893,8.37281973,13.37236685,62.1924657,133.4397531,-75.24562977,-73.35195517,-24.65437292,-52.29025357,47.69680651,26.29327903
Tropical_Wheat_Legume_Medium,15.73275645,-0.953754367,8.571672492,11.13971564,13.37236685,82.64261086,133.4397531,-75.24562977,-73.35195517,-24.65437292,-52.29025357,47.69680651,26.29327903
Tropical_Wheat_Legume_NotAvailable,15.73275645,-0.953754367,-1.007442828,-2.044627893,13.37236685,82.64261086,133.4397531,-75.24562977,-73.35195517,-34.66142526,-52.29025357,47.69680651,26.29327903
Tropical_Wheat_MTT_Coarse,20.59114079,1.659807876,8.485703351,12.7437003,13.37236685,65.31208313,133.4397531,-75.24562977,-73.35195517,-24.65437292,-52.26776861,47.69680651,26.29327903
Tropical_Wheat_MTT_Fine,20.59114079,1.257636757,8.485703351,12.7437003,13.37236685,65.31208313,133.4397531,-75.24562977,-73.35195517,-24.65437292,-52.26776861,47.69680651,26.29327903
Tropical_Wheat_MTT_Medium,20.59114079,-0.953754367,8.485703351,12.7437003,13.37236685,65.31208313,133.4397531,-75.24562977,-73.35195517,-24.65437292,-52.26776861,47.69680651,26.29327903
Tropical_Wheat_MTT_NotAvailable,20.59114079,-0.953754367,8.485703351,12.7437003,13.37236685,65.31208313,133.4397531,-75.24562977,-73.35195517,-24.65437292,-52.26776861,47.69680651,26.29327903
Tropical_Wheat_OtherCC_Coarse,0.016047853,-4.209728641,44.66260801,19.72793827,13.37236685,65.31208313,133.4397531,-75.24562977,-73.35195517,-24.65437292,-52.26776861,51.62094141,26.29327903
Tropical_Wheat_OtherCC_Fine,0.016047853,-5.531941512,21.80434926,18.96401182,13.37236685,65.31208313,133.4397531,-75.24562977,-73.35195517,-24.65437292,-52.26776861,28.93591713,26.29327903
Tropical_Wheat_OtherCC_Medium,0.016047853,-0.953754367,31.19922149,21.91257924,13.37236685,65.31208313,133.4397531,-75.24562977,-73.35195517,-24.65437292,-52.26776861,47.4101083,26.29327903
Tropical_Wheat_OtherCC_NotAvailable,0.016047853,-0.953754367,31.19922149,21.91257924,13.37236685,65.31208313,133.4397531,-75.24562977,-73.35195517,-24.65437292,-52.26776861,47.4101083,26.29327903
