ID,Response,obs,Mean,Low,High,p_UB_Anova,SubGroup,TopGroup
1,BiomassCash_C,259,0.081543177,0.047353557,0.116128551,NA,All data,All data
2,Yield_C,1462,0.041806916,0.019970302,0.063975481,NA,All data,All data
3,BD_C,700,-0.011140754,-0.015011913,-0.007347831,NA,All data,All data
4,OC_C,1195,0.083913449,0.074068927,0.093635478,NA,All data,All data
5,N_C,1249,-0.015670258,-0.043821288,0.011891296,NA,All data,All data
6,P_C,331,0.034249536,-0.026362446,0.094669729,NA,All data,All data
7,K_C,181,0.010041495,-0.042933433,0.063348825,NA,All data,All data
8,pH_C,251,0.010337341,0.002682132,0.017865896,NA,All data,All data
9,CEC_C,83,0.085166917,0.043176135,0.127949245,NA,All data,All data
10,EC_C,51,0.075722127,-0.057325346,0.206610738,NA,All data,All data
11,BS_C,10,-0.038911671,-0.117321204,0.036585148,NA,All data,All data
12,Aggre_C,262,0.125062046,0.088483045,0.163174752,NA,All data,All data
13,Porosity_C,85,0.102072029,0.011424084,0.19337823,NA,All data,All data
14,Penetration_C,156,0.057393014,0.021759301,0.093993632,NA,All data,All data
15,Infiltration_C,42,0.554229015,0.362634476,0.749783517,NA,All data,All data
16,Ksat_C,58,0.843767858,0.503763136,1.185318593,NA,All data,All data
17,Erosion_C,86,-1.398664704,-1.694401964,-1.089106866,NA,All data,All data
18,Runoff_C,122,-1.323820525,-1.547004723,-1.099721277,NA,All data,All data
19,Leaching_C,267,-0.96234096,-1.14850589,-0.779296265,NA,All data,All data
20,ST_C,45,-0.057151915,-0.082889556,-0.031152938,NA,All data,All data
21,SWC_C,452,0.008020479,-0.01336441,0.028677835,NA,All data,All data
22,AWHC_C,75,-0.097639881,-0.148334065,-0.049349004,NA,All data,All data
23,Weed_C,281,-0.59468311,-0.790778196,-0.408925705,NA,All data,All data
24,Diseases_C,20,-0.362969377,-0.550380117,-0.176300637,NA,All data,All data
25,Pests_C,57,0.000881122,-0.196806873,0.195665347,NA,All data,All data
26,SoilFauna_C,54,0.322843819,0.144026672,0.494544546,NA,All data,All data
27,Fungal_C,96,0.387589071,0.299378279,0.475019745,NA,All data,All data
28,OtherMicrobial_C,174,0.186994831,0.142336301,0.231176237,NA,All data,All data
29,Enzyme_C,166,0.137422996,0.097168323,0.176490711,NA,All data,All data
30,Cmina_C,120,0.135485046,0.094745682,0.173943401,NA,All data,All data
31,Nmina_C,288,0.185369041,0.131837227,0.236388851,NA,All data,All data
32,NxO_C,30,0.328989239,0.124385679,0.541919858,NA,All data,All data
33,SIR_C,17,-0.190485289,-0.254192419,-0.127300872,NA,All data,All data
34,CO2BTest_C,106,0.104125059,0.033289519,0.175605609,NA,All data,All data
35,CO2_C,43,0.317992356,0.177623986,0.457177399,NA,All data,All data
36,CH4_C,25,0.690515748,0.509290071,0.879227603,NA,All data,All data
37,MBC_C,317,0.235504515,0.192860704,0.279858523,NA,All data,All data
38,MBN_C,183,0.232660606,0.184494466,0.280748169,NA,All data,All data
1,BiomassCash_C,87,0.216832659,0.153634519,0.280840677,0,Tropical,Climate
1,BiomassCash_C,10,-0.167113277,-0.535518545,0.193756618,0,Arid,Climate
1,BiomassCash_C,106,0.007395854,-0.018937108,0.033393691,0,Temperate,Climate
1,BiomassCash_C,56,0.056186383,-0.020462236,0.130790489,0,Boreal,Climate
2,Yield_C,440,0.144822552,0.105072611,0.184392943,0,Tropical,Climate
2,Yield_C,30,-0.292918751,-0.39308131,-0.186844865,0,Arid,Climate
2,Yield_C,686,0.021497511,-0.012408284,0.055379958,0,Temperate,Climate
2,Yield_C,306,-0.029745343,-0.072555861,0.013289525,0,Boreal,Climate
3,BD_C,40,-0.009607121,-0.028643771,0.009757913,0.0124,Tropical,Climate
3,BD_C,33,-0.038567541,-0.064644903,-0.011921149,0.0124,Arid,Climate
3,BD_C,440,-0.011433665,-0.01580222,-0.007119574,0.0124,Temperate,Climate
3,BD_C,186,-0.006122166,-0.014010196,0.00180194,0.0124,Boreal,Climate
4,OC_C,114,0.05912238,0.02080974,0.097155544,0.007,Tropical,Climate
4,OC_C,40,0.16607855,0.108393156,0.223557376,0.007,Arid,Climate
4,OC_C,761,0.086901871,0.074609004,0.099341834,0.007,Temperate,Climate
4,OC_C,280,0.075117646,0.058446744,0.091654525,0.007,Boreal,Climate
5,N_C,130,0.120599779,0.073657729,0.167539797,0,Tropical,Climate
5,N_C,67,-0.265389389,-0.377849808,-0.157717039,0,Arid,Climate
5,N_C,546,0.05845018,0.01174145,0.103446043,0,Temperate,Climate
5,N_C,506,-0.096945481,-0.139528906,-0.056017628,0,Boreal,Climate
6,P_C,86,-0.092347027,-0.190000293,0.008908344,0.0943,Tropical,Climate
6,P_C,16,0.1779167,0.009793316,0.353820406,0.0943,Arid,Climate
6,P_C,80,0.055153004,-0.063454693,0.16911345,0.0943,Temperate,Climate
6,P_C,149,0.082862962,-0.016203429,0.183126052,0.0943,Boreal,Climate
7,K_C,14,0.226429138,0.021728152,0.42938337,1.00E-04,Tropical,Climate
7,K_C,22,0.207640461,0.068130576,0.345538542,1.00E-04,Arid,Climate
7,K_C,64,0.052147162,-0.03848879,0.145293407,1.00E-04,Temperate,Climate
7,K_C,81,-0.109561875,-0.174514517,-0.043365482,1.00E-04,Boreal,Climate
8,pH_C,25,0.050878435,0.010651761,0.088756994,4.00E-04,Tropical,Climate
8,pH_C,17,-0.022095664,-0.038149296,-0.005459662,4.00E-04,Arid,Climate
8,pH_C,104,4.41E-05,-0.01139115,0.01158266,4.00E-04,Temperate,Climate
8,pH_C,105,0.016986071,0.007445092,0.026374966,4.00E-04,Boreal,Climate
9,CEC_C,8,0.268770015,0.172387305,0.364109037,0.0794,Tropical,Climate
9,CEC_C,13,0.085264595,0.03108681,0.142034933,0.0794,Arid,Climate
9,CEC_C,47,0.069402091,0.010826326,0.12673469,0.0794,Temperate,Climate
9,CEC_C,15,0.047626954,-0.07121551,0.164882556,0.0794,Boreal,Climate
10,EC_C,0,NA,NA,NA,0.6468,Tropical,Climate
10,EC_C,17,0.151903174,-0.091983057,0.3907375,0.6468,Arid,Climate
10,EC_C,25,0.012833155,-0.153355866,0.177428473,0.6468,Temperate,Climate
10,EC_C,9,0.149201814,-0.201566286,0.490035577,0.6468,Boreal,Climate
11,BS_C,4,-0.158958887,-0.227308808,-0.090608967,0.0023,Tropical,Climate
11,BS_C,0,NA,NA,NA,0.0023,Arid,Climate
11,BS_C,6,0.05252394,-0.000389521,0.105437401,0.0023,Temperate,Climate
11,BS_C,0,NA,NA,NA,0.0023,Boreal,Climate
12,Aggre_C,0,NA,NA,NA,0.0178,Tropical,Climate
12,Aggre_C,31,0.042948292,-0.101030615,0.193440218,0.0178,Arid,Climate
12,Aggre_C,116,0.18408153,0.120805286,0.248601969,0.0178,Temperate,Climate
12,Aggre_C,115,0.092340068,0.05822757,0.126947967,0.0178,Boreal,Climate
13,Porosity_C,0,NA,NA,NA,0.9618,Tropical,Climate
13,Porosity_C,4,0.111630073,0.011980825,0.211279321,0.9618,Arid,Climate
13,Porosity_C,49,0.113365667,-0.012159304,0.239925177,0.9618,Temperate,Climate
13,Porosity_C,32,0.109080388,-0.031124719,0.243843974,0.9618,Boreal,Climate
14,Penetration_C,0,NA,NA,NA,0.5284,Tropical,Climate
14,Penetration_C,0,NA,NA,NA,0.5284,Arid,Climate
14,Penetration_C,52,0.081673474,-0.00339717,0.166472176,0.5284,Temperate,Climate
14,Penetration_C,104,0.048712446,0.013382681,0.083191825,0.5284,Boreal,Climate
15,Infiltration_C,10,0.502154557,0.35979804,0.642690489,0.897,Tropical,Climate
15,Infiltration_C,0,NA,NA,NA,0.897,Arid,Climate
15,Infiltration_C,25,0.589738194,0.402954684,0.774372022,0.897,Temperate,Climate
15,Infiltration_C,7,0.556543829,-0.376821888,1.46988057,0.897,Boreal,Climate
16,Ksat_C,0,NA,NA,NA,0.0315,Tropical,Climate
16,Ksat_C,4,0.047347418,-0.183213498,0.277908333,0.0315,Arid,Climate
16,Ksat_C,46,1.074724359,0.68936427,1.462879828,0.0315,Temperate,Climate
16,Ksat_C,8,-0.009267053,-0.609821766,0.597477933,0.0315,Boreal,Climate
17,Erosion_C,0,NA,NA,NA,0.0363,Tropical,Climate
17,Erosion_C,4,-1.044060304,-1.42650406,-0.661616548,0.0363,Arid,Climate
17,Erosion_C,72,-1.532954978,-1.871136064,-1.203144535,0.0363,Temperate,Climate
17,Erosion_C,7,-0.120780823,-0.458000395,0.217480885,0.0363,Boreal,Climate
18,Runoff_C,0,NA,NA,NA,NA,Tropical,Climate
18,Runoff_C,0,NA,NA,NA,NA,Arid,Climate
18,Runoff_C,120,-1.322715529,-1.547914697,-1.094990576,NA,Temperate,Climate
18,Runoff_C,0,NA,NA,NA,NA,Boreal,Climate
19,Leaching_C,2,0.118297457,-0.077488328,0.314083242,0.3545,Tropical,Climate
19,Leaching_C,0,NA,NA,NA,0.3545,Arid,Climate
19,Leaching_C,212,-0.921317072,-1.145269208,-0.702187523,0.3545,Temperate,Climate
19,Leaching_C,53,-1.183877941,-1.496616549,-0.870556399,0.3545,Boreal,Climate
20,ST_C,0,NA,NA,NA,0.0676,Tropical,Climate
20,ST_C,0,NA,NA,NA,0.0676,Arid,Climate
20,ST_C,22,-0.085143321,-0.105376209,-0.064190948,0.0676,Temperate,Climate
20,ST_C,23,-0.030112603,-0.074353915,0.014248499,0.0676,Boreal,Climate
21,SWC_C,8,0.059498731,0.020985263,0.098749664,0,Tropical,Climate
21,SWC_C,30,-0.216932579,-0.274115617,-0.162095983,0,Arid,Climate
21,SWC_C,220,0.042030359,0.013410072,0.072882202,0,Temperate,Climate
21,SWC_C,194,-0.001272452,-0.032498628,0.028718678,0,Boreal,Climate
22,AWHC_C,1,0,0,0,0,Tropical,Climate
22,AWHC_C,18,-0.333738089,-0.381235633,-0.285938186,0,Arid,Climate
22,AWHC_C,13,-0.06058506,-0.158625177,0.038726114,0,Temperate,Climate
22,AWHC_C,43,-0.015730789,-0.076157375,0.044047351,0,Boreal,Climate
23,Weed_C,6,-0.73951489,-1.107919332,-0.375080554,0.092,Tropical,Climate
23,Weed_C,0,NA,NA,NA,0.092,Arid,Climate
23,Weed_C,97,-0.310814702,-0.676363838,0.055225558,0.092,Temperate,Climate
23,Weed_C,178,-0.749626296,-0.968849228,-0.536523373,0.092,Boreal,Climate
24,Diseases_C,0,NA,NA,NA,0.0872,Tropical,Climate
24,Diseases_C,0,NA,NA,NA,0.0872,Arid,Climate
24,Diseases_C,16,-0.452207628,-0.660297859,-0.237260497,0.0872,Temperate,Climate
24,Diseases_C,4,-0.015777291,-0.046406553,0.01485197,0.0872,Boreal,Climate
25,Pests_C,0,NA,NA,NA,0.7209,Tropical,Climate
25,Pests_C,0,NA,NA,NA,0.7209,Arid,Climate
25,Pests_C,53,-0.008872562,-0.219058448,0.200311573,0.7209,Temperate,Climate
25,Pests_C,4,0.197519665,-0.185285593,0.580324922,0.7209,Boreal,Climate
26,SoilFauna_C,0,NA,NA,NA,0.0283,Tropical,Climate
26,SoilFauna_C,0,NA,NA,NA,0.0283,Arid,Climate
26,SoilFauna_C,29,0.506965039,0.238073851,0.789343075,0.0283,Temperate,Climate
26,SoilFauna_C,25,0.09738055,-0.077967553,0.276877926,0.0283,Boreal,Climate
27,Fungal_C,7,0.768584014,0.534526472,0.99626497,0.0414,Tropical,Climate
27,Fungal_C,0,NA,NA,NA,0.0414,Arid,Climate
27,Fungal_C,39,0.322102004,0.208127694,0.435437605,0.0414,Temperate,Climate
27,Fungal_C,50,0.391372766,0.262759631,0.52765132,0.0414,Boreal,Climate
28,OtherMicrobial_C,7,0.599310218,0.499826236,0.698863632,0,Tropical,Climate
28,OtherMicrobial_C,0,NA,NA,NA,0,Arid,Climate
28,OtherMicrobial_C,95,0.240642122,0.169605115,0.313548693,0,Temperate,Climate
28,OtherMicrobial_C,72,0.074922513,0.062848082,0.086736963,0,Boreal,Climate
29,Enzyme_C,7,0.623767026,0.526998192,0.715397373,0,Tropical,Climate
29,Enzyme_C,0,NA,NA,NA,0,Arid,Climate
29,Enzyme_C,125,0.131958908,0.084309336,0.17917391,0,Temperate,Climate
29,Enzyme_C,34,0.057450783,0.029348429,0.085806956,0,Boreal,Climate
30,Cmina_C,0,NA,NA,NA,0.001,Tropical,Climate
30,Cmina_C,0,NA,NA,NA,0.001,Arid,Climate
30,Cmina_C,42,0.227476601,0.128580372,0.321232316,0.001,Temperate,Climate
30,Cmina_C,78,0.085443364,0.058017826,0.112131904,0.001,Boreal,Climate
31,Nmina_C,14,0.098830034,-0.075500429,0.281873474,0.0772,Tropical,Climate
31,Nmina_C,31,0.28790634,0.039024644,0.529616196,0.0772,Arid,Climate
31,Nmina_C,128,0.237276713,0.178131785,0.296435123,0.0772,Temperate,Climate
31,Nmina_C,115,0.106571222,0.021577522,0.193906075,0.0772,Boreal,Climate
32,NxO_C,0,NA,NA,NA,0.446,Tropical,Climate
32,NxO_C,0,NA,NA,NA,0.446,Arid,Climate
32,NxO_C,26,0.362286116,0.1271346,0.601065603,0.446,Temperate,Climate
32,NxO_C,4,0.126734371,-0.003373903,0.256842646,0.446,Boreal,Climate
33,SIR_C,0,NA,NA,NA,NA,Tropical,Climate
33,SIR_C,0,NA,NA,NA,NA,Arid,Climate
33,SIR_C,17,-0.189878446,-0.252988851,-0.127445563,NA,Temperate,Climate
33,SIR_C,0,NA,NA,NA,NA,Boreal,Climate
34,CO2BTest_C,0,NA,NA,NA,0.5579,Tropical,Climate
34,CO2BTest_C,8,0.065161676,-0.282720387,0.404380095,0.5579,Arid,Climate
34,CO2BTest_C,30,0.044629143,-0.139254859,0.233951556,0.5579,Temperate,Climate
34,CO2BTest_C,68,0.13582782,0.075347489,0.197885269,0.5579,Boreal,Climate
35,CO2_C,0,NA,NA,NA,0.4049,Tropical,Climate
35,CO2_C,0,NA,NA,NA,0.4049,Arid,Climate
35,CO2_C,33,0.287233671,0.142558485,0.430208494,0.4049,Temperate,Climate
35,CO2_C,10,0.435495269,0.106893178,0.769684564,0.4049,Boreal,Climate
36,CH4_C,0,NA,NA,NA,0,Tropical,Climate
36,CH4_C,0,NA,NA,NA,0,Arid,Climate
36,CH4_C,21,0.528715473,0.414208361,0.641549257,0,Temperate,Climate
36,CH4_C,4,1.393522485,0.892310441,1.89473453,0,Boreal,Climate
37,MBC_C,6,0.389991382,0.219743996,0.556009539,5.00E-04,Tropical,Climate
37,MBC_C,16,0.228523595,0.083747507,0.368142456,5.00E-04,Arid,Climate
37,MBC_C,136,0.13294396,0.07211362,0.192261115,5.00E-04,Temperate,Climate
37,MBC_C,159,0.320862199,0.257990472,0.383441933,5.00E-04,Boreal,Climate
38,MBN_C,0,NA,NA,NA,0.1601,Tropical,Climate
38,MBN_C,22,0.103798271,-0.077425571,0.293018204,0.1601,Arid,Climate
38,MBN_C,87,0.228895633,0.151707024,0.306559691,0.1601,Temperate,Climate
38,MBN_C,74,0.27506662,0.218474725,0.330370406,0.1601,Boreal,Climate
1,BiomassCash_C,26,0.198076755,0.084793227,0.311498835,0,Coarse,Texture
1,BiomassCash_C,119,0.025348764,-0.009215218,0.060628631,0,Medium,Texture
1,BiomassCash_C,70,0.189682704,0.098268712,0.276009058,0,Fine,Texture
1,BiomassCash_C,44,-0.010192545,-0.082638247,0.063275626,0,NotAvailable,Texture
2,Yield_C,340,0.09010314,0.048020768,0.13346821,0.0576,Coarse,Texture
2,Yield_C,553,0.015501972,-0.011374807,0.042124258,0.0576,Medium,Texture
2,Yield_C,267,0.016995839,-0.038309682,0.071689208,0.0576,Fine,Texture
2,Yield_C,302,0.057158353,-0.009666451,0.1227858,0.0576,NotAvailable,Texture
3,BD_C,237,-0.007332908,-0.011403327,-0.003313936,0.0179,Coarse,Texture
3,BD_C,358,-0.010092213,-0.015581673,-0.004383685,0.0179,Medium,Texture
3,BD_C,50,-0.032393097,-0.043883695,-0.020895646,0.0179,Fine,Texture
3,BD_C,54,-0.01585375,-0.04174684,0.010283938,0.0179,NotAvailable,Texture
4,OC_C,375,0.088088474,0.072619258,0.104004937,0,Coarse,Texture
4,OC_C,488,0.082035039,0.067003415,0.096844485,0,Medium,Texture
4,OC_C,163,0.129115265,0.095646085,0.161658594,0,Fine,Texture
4,OC_C,169,0.038753832,0.013799908,0.063992846,0,NotAvailable,Texture
5,N_C,294,0.155260174,0.112913977,0.197028409,0,Coarse,Texture
5,N_C,634,-0.133176593,-0.178168697,-0.087501616,0,Medium,Texture
5,N_C,154,0.125468494,0.066839324,0.183028169,0,Fine,Texture
5,N_C,167,-0.002053151,-0.046988032,0.042923653,0,NotAvailable,Texture
6,P_C,48,-0.064477312,-0.19627987,0.065923104,0.0032,Coarse,Texture
6,P_C,139,0.044497293,-0.02314014,0.110574785,0.0032,Medium,Texture
6,P_C,45,0.312219093,0.032832759,0.60080681,0.0032,Fine,Texture
6,P_C,99,-0.053635855,-0.153753824,0.049146774,0.0032,NotAvailable,Texture
7,K_C,46,0.045000283,-0.072638161,0.163387297,0.0115,Coarse,Texture
7,K_C,90,-0.0677312,-0.135861429,-6.28E-05,0.0115,Medium,Texture
7,K_C,13,0.219757448,0.084832928,0.355215197,0.0115,Fine,Texture
7,K_C,32,0.102040716,-0.017564527,0.221636931,0.0115,NotAvailable,Texture
8,pH_C,44,0.000244192,-0.016407212,0.016614161,0.0416,Coarse,Texture
8,pH_C,111,0.007752903,-0.000823991,0.016441611,0.0416,Medium,Texture
8,pH_C,44,0.035585388,0.006418251,0.064581483,0.0416,Fine,Texture
8,pH_C,52,0.00532461,-0.00885695,0.019082114,0.0416,NotAvailable,Texture
9,CEC_C,20,0.242046847,0.164282663,0.319662287,1.00E-04,Coarse,Texture
9,CEC_C,22,0.001868173,-0.072395786,0.075984711,1.00E-04,Medium,Texture
9,CEC_C,16,-0.002911172,-0.08119413,0.075596692,1.00E-04,Fine,Texture
9,CEC_C,25,0.092834908,0.023499087,0.163691037,1.00E-04,NotAvailable,Texture
10,EC_C,4,-0.228260359,-0.660335892,0.203815174,0.1682,Coarse,Texture
10,EC_C,15,0.232508276,-0.043374764,0.505588123,0.1682,Medium,Texture
10,EC_C,6,-0.232874863,-0.551937824,0.088860742,0.1682,Fine,Texture
10,EC_C,26,0.107167091,-0.048220925,0.272171015,0.1682,NotAvailable,Texture
11,BS_C,0,NA,NA,NA,0.1073,Coarse,Texture
11,BS_C,3,0.082396442,-0.016205045,0.18099793,0.1073,Medium,Texture
11,BS_C,7,-0.084021096,-0.167983943,-5.82E-05,0.1073,Fine,Texture
11,BS_C,0,NA,NA,NA,0.1073,NotAvailable,Texture
12,Aggre_C,35,-0.032967962,-0.101268957,0.034729543,0,Coarse,Texture
12,Aggre_C,178,0.138099437,0.093024511,0.182808357,0,Medium,Texture
12,Aggre_C,28,0.328784061,0.202229114,0.451008786,0,Fine,Texture
12,Aggre_C,21,0.029054452,-0.025215799,0.084575186,0,NotAvailable,Texture
13,Porosity_C,10,0.257438949,0.018018634,0.501322983,0.5062,Coarse,Texture
13,Porosity_C,72,0.083703184,-0.01845138,0.184639378,0.5062,Medium,Texture
13,Porosity_C,0,NA,NA,NA,0.5062,Fine,Texture
13,Porosity_C,3,0.106053502,-0.045256592,0.257363596,0.5062,NotAvailable,Texture
14,Penetration_C,4,-0.094416773,-0.128581664,-0.060251882,0.109,Coarse,Texture
14,Penetration_C,144,0.064855317,0.026082121,0.103343187,0.109,Medium,Texture
14,Penetration_C,4,0.165385257,0.141705473,0.189065041,0.109,Fine,Texture
14,Penetration_C,4,-0.15714493,-0.24698843,-0.06730143,0.109,NotAvailable,Texture
15,Infiltration_C,10,0.483231837,0.307816721,0.656718518,0.7165,Coarse,Texture
15,Infiltration_C,21,0.63757615,0.255426515,1.010377821,0.7165,Medium,Texture
15,Infiltration_C,11,0.448872011,0.373705503,0.524341334,0.7165,Fine,Texture
15,Infiltration_C,0,NA,NA,NA,0.7165,NotAvailable,Texture
16,Ksat_C,3,0.042518821,-0.036984184,0.122021827,0.2884,Coarse,Texture
16,Ksat_C,55,0.889898084,0.536039671,1.243425007,0.2884,Medium,Texture
16,Ksat_C,0,NA,NA,NA,0.2884,Fine,Texture
16,Ksat_C,0,NA,NA,NA,0.2884,NotAvailable,Texture
17,Erosion_C,0,NA,NA,NA,0.3169,Coarse,Texture
17,Erosion_C,68,-1.422458874,-1.774314032,-1.053778089,0.3169,Medium,Texture
17,Erosion_C,3,-0.212088909,-0.654925968,0.230748151,0.3169,Fine,Texture
17,Erosion_C,12,-1.544151987,-1.989343714,-1.106425852,0.3169,NotAvailable,Texture
18,Runoff_C,0,NA,NA,NA,0.2063,Coarse,Texture
18,Runoff_C,103,-1.393022892,-1.64218797,-1.139323052,0.2063,Medium,Texture
18,Runoff_C,2,-1.791373518,-1.819158443,-1.763588592,0.2063,Fine,Texture
18,Runoff_C,15,-0.82402872,-1.225632075,-0.428923373,0.2063,NotAvailable,Texture
19,Leaching_C,27,-0.282706431,-0.42655267,-0.142286608,0.0012,Coarse,Texture
19,Leaching_C,185,-1.215952841,-1.467587106,-0.951529579,0.0012,Medium,Texture
19,Leaching_C,4,-0.617744976,-1.104977165,-0.130512788,0.0012,Fine,Texture
19,Leaching_C,51,-0.451803057,-0.573377281,-0.321111952,0.0012,NotAvailable,Texture
20,ST_C,0,NA,NA,NA,0.3898,Coarse,Texture
20,ST_C,41,-0.052832459,-0.079813841,-0.025405977,0.3898,Medium,Texture
20,ST_C,2,-0.146491077,-0.199019683,-0.093962471,0.3898,Fine,Texture
20,ST_C,2,-0.056034602,-0.120005753,0.00793655,0.3898,NotAvailable,Texture
21,SWC_C,28,-0.008802836,-0.082647744,0.065568606,0.7587,Coarse,Texture
21,SWC_C,381,0.004812727,-0.01676574,0.027319981,0.7587,Medium,Texture
21,SWC_C,42,0.030247247,-0.043823101,0.106350096,0.7587,Fine,Texture
21,SWC_C,1,0.201043204,0.201043204,0.201043204,0.7587,NotAvailable,Texture
22,AWHC_C,0,NA,NA,NA,0.905,Coarse,Texture
22,AWHC_C,68,-0.1009613,-0.153138982,-0.048379775,0.905,Medium,Texture
22,AWHC_C,1,0,0,0,0.905,Fine,Texture
22,AWHC_C,6,-0.085886618,-0.268725255,0.087895323,0.905,NotAvailable,Texture
23,Weed_C,22,-1.658354221,-2.030813486,-1.258000406,0.0014,Coarse,Texture
23,Weed_C,220,-0.580784842,-0.748299818,-0.406411193,0.0014,Medium,Texture
23,Weed_C,0,NA,NA,NA,0.0014,Fine,Texture
23,Weed_C,39,-0.119291368,-1.002286745,0.730432825,0.0014,NotAvailable,Texture
24,Diseases_C,0,NA,NA,NA,0.2493,Coarse,Texture
24,Diseases_C,9,-0.492126281,-0.864299939,-0.119948597,0.2493,Medium,Texture
24,Diseases_C,0,NA,NA,NA,0.2493,Fine,Texture
24,Diseases_C,11,-0.241952883,-0.335061765,-0.147423944,0.2493,NotAvailable,Texture
25,Pests_C,4,0.197519665,-0.185285593,0.580324922,0,Coarse,Texture
25,Pests_C,20,0.562512165,0.270631593,0.867566282,0,Medium,Texture
25,Pests_C,0,NA,NA,NA,0,Fine,Texture
25,Pests_C,33,-0.364717976,-0.579174946,-0.153965212,0,NotAvailable,Texture
26,SoilFauna_C,16,0.018632728,-0.186463011,0.231474556,0.0163,Coarse,Texture
26,SoilFauna_C,25,0.526204577,0.213031118,0.835681768,0.0163,Medium,Texture
26,SoilFauna_C,4,0.89456958,0.382952751,1.406186408,0.0163,Fine,Texture
26,SoilFauna_C,9,0.007463454,-0.068682283,0.085222413,0.0163,NotAvailable,Texture
27,Fungal_C,6,0.241465241,0.062572271,0.418964318,0,Coarse,Texture
27,Fungal_C,46,0.192711857,0.085551361,0.29413711,0,Medium,Texture
27,Fungal_C,44,0.629356385,0.506713773,0.750416501,0,Fine,Texture
27,Fungal_C,0,NA,NA,NA,0,NotAvailable,Texture
28,OtherMicrobial_C,38,0.167871485,0.095095155,0.241451026,0,Coarse,Texture
28,OtherMicrobial_C,89,0.047390531,0.016558426,0.076925251,0,Medium,Texture
28,OtherMicrobial_C,45,0.464024135,0.362672448,0.566433962,0,Fine,Texture
28,OtherMicrobial_C,2,0.442104719,0.052336047,0.83187339,0,NotAvailable,Texture
29,Enzyme_C,31,0.278435681,0.191356918,0.361498552,0.0033,Coarse,Texture
29,Enzyme_C,91,0.120107562,0.070794612,0.168489162,0.0033,Medium,Texture
29,Enzyme_C,44,0.079666191,-0.007545823,0.16658069,0.0033,Fine,Texture
29,Enzyme_C,0,NA,NA,NA,0.0033,NotAvailable,Texture
30,Cmina_C,13,0.190222537,0.025063233,0.346901265,0.3073,Coarse,Texture
30,Cmina_C,89,0.136656185,0.092849325,0.181497687,0.3073,Medium,Texture
30,Cmina_C,13,0.034589188,-0.085305058,0.151203323,0.3073,Fine,Texture
30,Cmina_C,5,0.22178767,0.14148932,0.30199293,0.3073,NotAvailable,Texture
31,Nmina_C,104,0.094068733,-0.00091991,0.191975433,0.0614,Coarse,Texture
31,Nmina_C,94,0.25842621,0.184607046,0.337073422,0.0614,Medium,Texture
31,Nmina_C,62,0.174235429,0.060281436,0.287292714,0.0614,Fine,Texture
31,Nmina_C,28,0.284458361,0.134194107,0.442817643,0.0614,NotAvailable,Texture
32,NxO_C,4,-0.258172894,-0.345271003,-0.171074785,0.0105,Coarse,Texture
32,NxO_C,3,0.049111155,-0.088107268,0.186329578,0.0105,Medium,Texture
32,NxO_C,19,0.590961901,0.451630854,0.726779913,0.0105,Fine,Texture
32,NxO_C,4,-0.058298472,-1.134897635,1.018300692,0.0105,NotAvailable,Texture
33,SIR_C,0,NA,NA,NA,0.0291,Coarse,Texture
33,SIR_C,2,0,0,0,0.0291,Medium,Texture
33,SIR_C,0,NA,NA,NA,0.0291,Fine,Texture
33,SIR_C,15,-0.214477362,-0.275723327,-0.154930916,0.0291,NotAvailable,Texture
34,CO2BTest_C,8,-0.169239098,-0.480167896,0.131823572,0.0731,Coarse,Texture
34,CO2BTest_C,65,0.145486049,0.043618531,0.243947724,0.0731,Medium,Texture
34,CO2BTest_C,33,0.092510291,0.011418859,0.170213223,0.0731,Fine,Texture
34,CO2BTest_C,0,NA,NA,NA,0.0731,NotAvailable,Texture
35,CO2_C,10,0.025816364,-0.192105204,0.251407936,0.0898,Coarse,Texture
35,CO2_C,18,0.468655884,0.259006612,0.691610489,0.0898,Medium,Texture
35,CO2_C,14,0.308115493,0.092958516,0.530756771,0.0898,Fine,Texture
35,CO2_C,1,0.751701771,0.751701771,0.751701771,0.0898,NotAvailable,Texture
36,CH4_C,0,NA,NA,NA,0.0026,Coarse,Texture
36,CH4_C,6,1.202767264,0.739846312,1.673489473,0.0026,Medium,Texture
36,CH4_C,16,0.570259628,0.440563855,0.703036483,0.0026,Fine,Texture
36,CH4_C,3,0.24340906,0.185008668,0.301809452,0.0026,NotAvailable,Texture
37,MBC_C,46,0.006249454,-0.088208899,0.100243159,0,Coarse,Texture
37,MBC_C,176,0.327611339,0.26215247,0.393893574,0,Medium,Texture
37,MBC_C,84,0.171773069,0.135052985,0.209864663,0,Fine,Texture
37,MBC_C,11,0.222547195,0.024126515,0.421660342,0,NotAvailable,Texture
38,MBN_C,44,0.155102699,0.076974345,0.230476591,0.04,Coarse,Texture
38,MBN_C,81,0.300685188,0.227875985,0.375757776,0.04,Medium,Texture
38,MBN_C,47,0.159352044,0.058997744,0.263909017,0.04,Fine,Texture
38,MBN_C,11,0.345071875,0.156992152,0.537576128,0.04,NotAvailable,Texture
1,BiomassCash_C,25,0.027303916,-0.014729495,0.069982501,0.3681,CT,Tillage
1,BiomassCash_C,12,0.007985911,-0.012587542,0.028595961,0.3681,RT,Tillage
1,BiomassCash_C,40,0.050335112,0.001618684,0.098420139,0.3681,NT,Tillage
1,BiomassCash_C,182,0.101092722,0.054440016,0.149025372,0.3681,NotAvailable,Tillage
2,Yield_C,168,0.085985299,0.038480369,0.13350244,0.2777,CT,Tillage
2,Yield_C,11,-0.042961998,-0.086916669,0.002460119,0.2777,RT,Tillage
2,Yield_C,239,0.003823391,-0.02882013,0.037921174,0.2777,NT,Tillage
2,Yield_C,1044,0.043936242,0.01438859,0.07272839,0.2777,NotAvailable,Tillage
3,BD_C,205,-0.005862067,-0.010937573,-0.000799181,0.0022,CT,Tillage
3,BD_C,14,-0.032502189,-0.088696991,0.024291708,0.0022,RT,Tillage
3,BD_C,169,-0.002582589,-0.010128382,0.004651441,0.0022,NT,Tillage
3,BD_C,311,-0.018151562,-0.02446364,-0.011777619,0.0022,NotAvailable,Tillage
4,OC_C,294,0.077741997,0.059527173,0.096136892,0.1024,CT,Tillage
4,OC_C,17,0.189073606,0.116320905,0.255912477,0.1024,RT,Tillage
4,OC_C,271,0.085932554,0.067342838,0.105019994,0.1024,NT,Tillage
4,OC_C,613,0.08398255,0.06944712,0.098178854,0.1024,NotAvailable,Tillage
5,N_C,266,0.112200384,0.046662251,0.174863725,0,CT,Tillage
5,N_C,14,0.202216552,0.126829683,0.275808207,0,RT,Tillage
5,N_C,205,-0.084486682,-0.174404064,0.002886525,0,NT,Tillage
5,N_C,764,-0.045289506,-0.077161231,-0.014164957,0,NotAvailable,Tillage
6,P_C,24,0.428124239,0.251394231,0.612373381,4.00E-04,CT,Tillage
6,P_C,8,0.440008981,0.239842677,0.639227972,4.00E-04,RT,Tillage
6,P_C,53,0.011120794,-0.071310359,0.091842479,4.00E-04,NT,Tillage
6,P_C,246,-0.011992474,-0.08796902,0.065252809,4.00E-04,NotAvailable,Tillage
7,K_C,16,0.308341562,0.142843495,0.471679974,0,CT,Tillage
7,K_C,13,0.307887209,0.120414604,0.494593153,0,RT,Tillage
7,K_C,50,-0.136567709,-0.207850243,-0.062874721,0,NT,Tillage
7,K_C,102,0.00083601,-0.068300086,0.069285351,0,NotAvailable,Tillage
8,pH_C,22,0.033194673,0.002227993,0.064622827,0.3711,CT,Tillage
8,pH_C,14,-4.41E-06,-0.012129506,0.011246602,0.3711,RT,Tillage
8,pH_C,45,0.004429368,-0.007768876,0.0167175,0.3711,NT,Tillage
8,pH_C,170,0.010405361,0.000555836,0.020221814,0.3711,NotAvailable,Tillage
9,CEC_C,6,0.233050902,0.001322321,0.467484628,0.1632,CT,Tillage
9,CEC_C,13,0.086045411,0.030054608,0.139625949,0.1632,RT,Tillage
9,CEC_C,6,-0.019063015,-0.042892536,0.004766506,0.1632,NT,Tillage
9,CEC_C,58,0.080700605,0.027501918,0.133774542,0.1632,NotAvailable,Tillage
10,EC_C,14,-0.05834319,-0.251113885,0.139184384,0.0466,CT,Tillage
10,EC_C,14,0.381529158,0.116056146,0.653614286,0.0466,RT,Tillage
10,EC_C,2,0.155969525,0.060624622,0.251314428,0.0466,NT,Tillage
10,EC_C,21,-0.042181933,-0.234861437,0.146664882,0.0466,NotAvailable,Tillage
11,BS_C,0,NA,NA,NA,NA,CT,Tillage
11,BS_C,0,NA,NA,NA,NA,RT,Tillage
11,BS_C,0,NA,NA,NA,NA,NT,Tillage
11,BS_C,10,-0.038485559,-0.118297743,0.03619037,NA,NotAvailable,Tillage
12,Aggre_C,67,0.060267203,0.008005396,0.112679509,0.0641,CT,Tillage
12,Aggre_C,13,0.028887645,-0.011657106,0.066708674,0.0641,RT,Tillage
12,Aggre_C,91,0.178008187,0.135628863,0.220069319,0.0641,NT,Tillage
12,Aggre_C,91,0.138321367,0.052611998,0.223854827,0.0641,NotAvailable,Tillage
13,Porosity_C,29,0.126973382,0.035086557,0.216430014,0.4178,CT,Tillage
13,Porosity_C,0,NA,NA,NA,0.4178,RT,Tillage
13,Porosity_C,38,0.048607972,-0.106352894,0.193090589,0.4178,NT,Tillage
13,Porosity_C,18,0.245104363,0.014502547,0.480618813,0.4178,NotAvailable,Tillage
14,Penetration_C,38,0.166271322,0.043714206,0.288531289,0.0078,CT,Tillage
14,Penetration_C,0,NA,NA,NA,0.0078,RT,Tillage
14,Penetration_C,50,0.025580673,-0.023251731,0.075360362,0.0078,NT,Tillage
14,Penetration_C,68,0.020534318,-0.001731468,0.042336671,0.0078,NotAvailable,Tillage
15,Infiltration_C,7,0.755851462,0.001675441,1.538399322,0.0528,CT,Tillage
15,Infiltration_C,1,-1.096185103,-1.096185103,-1.096185103,0.0528,RT,Tillage
15,Infiltration_C,20,0.625046829,0.398197659,0.846797304,0.0528,NT,Tillage
15,Infiltration_C,14,0.47924542,0.361937116,0.598783612,0.0528,NotAvailable,Tillage
16,Ksat_C,20,-0.00901476,-0.308854696,0.291140205,0,CT,Tillage
16,Ksat_C,0,NA,NA,NA,0,RT,Tillage
16,Ksat_C,11,0.563305476,-0.29910782,1.485325703,0,NT,Tillage
16,Ksat_C,27,1.612113806,1.173379778,2.041607336,0,NotAvailable,Tillage
17,Erosion_C,1,-0.214048821,-0.214048821,-0.214048821,0,CT,Tillage
17,Erosion_C,1,-0.185899378,-0.185899378,-0.185899378,0,RT,Tillage
17,Erosion_C,12,0.407456793,-0.210101501,1.020482134,0,NT,Tillage
17,Erosion_C,69,-1.745124813,-2.031452088,-1.452513189,0,NotAvailable,Tillage
18,Runoff_C,5,-0.123443109,-0.192256151,-0.054630068,1.00E-04,CT,Tillage
18,Runoff_C,0,NA,NA,NA,1.00E-04,RT,Tillage
18,Runoff_C,14,-0.284989869,-0.638264338,0.071231163,1.00E-04,NT,Tillage
18,Runoff_C,101,-1.529293836,-1.778752848,-1.287198997,1.00E-04,NotAvailable,Tillage
19,Leaching_C,18,-0.293008855,-0.47111353,-0.114324401,0,CT,Tillage
19,Leaching_C,1,-0.209720531,-0.209720531,-0.209720531,0,RT,Tillage
19,Leaching_C,80,-1.867007056,-2.322332012,-1.39742467,0,NT,Tillage
19,Leaching_C,168,-0.611688703,-0.769263868,-0.447992051,0,NotAvailable,Tillage
20,ST_C,18,-0.011834262,-0.062783174,0.04085326,0.0872,CT,Tillage
20,ST_C,1,-0.105360516,-0.105360516,-0.105360516,0.0872,RT,Tillage
20,ST_C,18,-0.092821771,-0.11560629,-0.069895676,0.0872,NT,Tillage
20,ST_C,8,-0.075074013,-0.115466586,-0.033211816,0.0872,NotAvailable,Tillage
21,SWC_C,51,0.057687792,0.007704931,0.106417508,0.0129,CT,Tillage
21,SWC_C,1,0.117783036,0.117783036,0.117783036,0.0129,RT,Tillage
21,SWC_C,91,-0.056714811,-0.100924622,-0.01474831,0.0129,NT,Tillage
21,SWC_C,309,0.018159678,-0.008651211,0.043585309,0.0129,NotAvailable,Tillage
22,AWHC_C,22,-0.228180005,-0.331311169,-0.130957397,0.0025,CT,Tillage
22,AWHC_C,1,0.105360516,0.105360516,0.105360516,0.0025,RT,Tillage
22,AWHC_C,7,0.033121208,0.012937235,0.053444105,0.0025,NT,Tillage
22,AWHC_C,45,-0.056631905,-0.112835845,-0.001478274,0.0025,NotAvailable,Tillage
23,Weed_C,22,-1.780602581,-2.147206105,-1.415530031,0,CT,Tillage
23,Weed_C,0,NA,NA,NA,0,RT,Tillage
23,Weed_C,74,-0.032692741,-0.278969306,0.212378668,0,NT,Tillage
23,Weed_C,185,-0.681688352,-0.934434775,-0.4321322,0,NotAvailable,Tillage
24,Diseases_C,0,NA,NA,NA,0.0872,CT,Tillage
24,Diseases_C,0,NA,NA,NA,0.0872,RT,Tillage
24,Diseases_C,4,-0.015777291,-0.046406553,0.01485197,0.0872,NT,Tillage
24,Diseases_C,16,-0.44861787,-0.66458608,-0.235055589,0.0872,NotAvailable,Tillage
25,Pests_C,4,0.197519665,-0.185285593,0.580324922,0.7209,CT,Tillage
25,Pests_C,0,NA,NA,NA,0.7209,RT,Tillage
25,Pests_C,0,NA,NA,NA,0.7209,NT,Tillage
25,Pests_C,53,-0.009531255,-0.212340542,0.198964082,0.7209,NotAvailable,Tillage
26,SoilFauna_C,18,0.042408694,-0.151723844,0.229009661,0.0077,CT,Tillage
26,SoilFauna_C,1,0.082238098,0.082238098,0.082238098,0.0077,RT,Tillage
26,SoilFauna_C,2,1.648772999,1.391405334,1.906140665,0.0077,NT,Tillage
26,SoilFauna_C,33,0.397516789,0.164997807,0.630516217,0.0077,NotAvailable,Tillage
27,Fungal_C,8,0.659640742,0.219314877,1.096788911,9.00E-04,CT,Tillage
27,Fungal_C,0,NA,NA,NA,9.00E-04,RT,Tillage
27,Fungal_C,18,0.657306264,0.427732765,0.89022251,9.00E-04,NT,Tillage
27,Fungal_C,70,0.290204017,0.209759109,0.371633722,9.00E-04,NotAvailable,Tillage
28,OtherMicrobial_C,26,-0.012118939,-0.100033234,0.077028793,3.00E-04,CT,Tillage
28,OtherMicrobial_C,0,NA,NA,NA,3.00E-04,RT,Tillage
28,OtherMicrobial_C,0,NA,NA,NA,3.00E-04,NT,Tillage
28,OtherMicrobial_C,148,0.219063876,0.173650795,0.267816156,3.00E-04,NotAvailable,Tillage
29,Enzyme_C,16,0.122772457,-0.070337378,0.31618549,0.1467,CT,Tillage
29,Enzyme_C,0,NA,NA,NA,0.1467,RT,Tillage
29,Enzyme_C,10,-0.013386987,-0.133578195,0.104592497,0.1467,NT,Tillage
29,Enzyme_C,140,0.150270753,0.110262203,0.190291216,0.1467,NotAvailable,Tillage
30,Cmina_C,17,0.307984326,0.121472173,0.503791137,0.0024,CT,Tillage
30,Cmina_C,0,NA,NA,NA,0.0024,RT,Tillage
30,Cmina_C,34,0.08980809,0.036294173,0.143666909,0.0024,NT,Tillage
30,Cmina_C,69,0.114578849,0.075798527,0.152479114,0.0024,NotAvailable,Tillage
31,Nmina_C,62,0.150942199,0.042599963,0.2594964,0.0081,CT,Tillage
31,Nmina_C,7,0.765158178,0.424842211,1.091398444,0.0081,RT,Tillage
31,Nmina_C,73,0.22183756,0.131991777,0.311697961,0.0081,NT,Tillage
31,Nmina_C,146,0.152733641,0.077504756,0.227376164,0.0081,NotAvailable,Tillage
32,NxO_C,1,0.140384271,0.140384271,0.140384271,0.7369,CT,Tillage
32,NxO_C,0,NA,NA,NA,0.7369,RT,Tillage
32,NxO_C,0,NA,NA,NA,0.7369,NT,Tillage
32,NxO_C,29,0.339816317,0.124169473,0.553032418,0.7369,NotAvailable,Tillage
33,SIR_C,0,NA,NA,NA,NA,CT,Tillage
33,SIR_C,0,NA,NA,NA,NA,RT,Tillage
33,SIR_C,0,NA,NA,NA,NA,NT,Tillage
33,SIR_C,17,-0.189741649,-0.253980419,-0.128727208,NA,NotAvailable,Tillage
34,CO2BTest_C,31,-0.018659694,-0.184736116,0.140278083,0.0735,CT,Tillage
34,CO2BTest_C,1,0.472604411,0.472604411,0.472604411,0.0735,RT,Tillage
34,CO2BTest_C,11,0.046095439,-0.200029256,0.298530084,0.0735,NT,Tillage
34,CO2BTest_C,63,0.168902748,0.097707873,0.239871158,0.0735,NotAvailable,Tillage
35,CO2_C,14,0.342442448,0.069347995,0.609958273,0.6805,CT,Tillage
35,CO2_C,1,0,0,0,0.6805,RT,Tillage
35,CO2_C,4,0.099827038,-0.510847519,0.710501595,0.6805,NT,Tillage
35,CO2_C,24,0.3669122,0.220578188,0.516580053,0.6805,NotAvailable,Tillage
36,CH4_C,0,NA,NA,NA,NA,CT,Tillage
36,CH4_C,0,NA,NA,NA,NA,RT,Tillage
36,CH4_C,0,NA,NA,NA,NA,NT,Tillage
36,CH4_C,25,0.688466879,0.510436863,0.884091816,NA,NotAvailable,Tillage
37,MBC_C,50,0.107667709,0.028675077,0.187623827,5.00E-04,CT,Tillage
37,MBC_C,8,0.376142313,0.136283646,0.612984362,5.00E-04,RT,Tillage
37,MBC_C,39,0.074479379,-0.029757612,0.179415794,5.00E-04,NT,Tillage
37,MBC_C,220,0.288853566,0.233685172,0.342889039,5.00E-04,NotAvailable,Tillage
38,MBN_C,26,0.116800592,-0.06930274,0.297540808,0.0207,CT,Tillage
38,MBN_C,8,0.478087131,0.228854936,0.714163219,0.0207,RT,Tillage
38,MBN_C,17,0.116441974,-0.006572041,0.238827104,0.0207,NT,Tillage
38,MBN_C,132,0.25628777,0.206973921,0.306934997,0.0207,NotAvailable,Tillage
1,BiomassCash_C,143,0.124527043,0.071986664,0.176878022,0.0054,Legume,Cover crop
1,BiomassCash_C,31,0.109286545,0.009550477,0.208741316,0.0054,Grass,Cover crop
1,BiomassCash_C,59,0.036914052,0.001812627,0.073072089,0.0054,MTT,Cover crop
1,BiomassCash_C,26,-0.083171739,-0.178786387,0.008501339,0.0054,OtherCC,Cover crop
2,Yield_C,725,0.091671229,0.053794116,0.129228419,0,Legume,Cover crop
2,Yield_C,400,0.019194677,-0.007994052,0.045870477,0,Grass,Cover crop
2,Yield_C,198,0.018242222,-0.022888129,0.059790009,0,MTT,Cover crop
2,Yield_C,139,-0.124412189,-0.193109209,-0.053779498,0,OtherCC,Cover crop
3,BD_C,215,-0.009014432,-0.017981896,-0.000473247,0.6076,Legume,Cover crop
3,BD_C,272,-0.009779491,-0.014555644,-0.005121818,0.6076,Grass,Cover crop
3,BD_C,128,-0.016430009,-0.025054806,-0.00783326,0.6076,MTT,Cover crop
3,BD_C,84,-0.012620543,-0.024615259,-0.000266308,0.6076,OtherCC,Cover crop
4,OC_C,463,0.082779321,0.066410311,0.09952716,0,Legume,Cover crop
4,OC_C,350,0.049828618,0.037202829,0.062409672,0,Grass,Cover crop
4,OC_C,200,0.120877904,0.099519041,0.143072898,0,MTT,Cover crop
4,OC_C,182,0.113864468,0.079898786,0.148503199,0,OtherCC,Cover crop
5,N_C,637,0.094440703,0.064512568,0.124913532,0,Legume,Cover crop
5,N_C,339,-0.28254859,-0.350307505,-0.214577839,0,Grass,Cover crop
5,N_C,141,0.020079584,-0.051870246,0.091358378,0,MTT,Cover crop
5,N_C,132,0.096166918,0.033337244,0.158407165,0,OtherCC,Cover crop
6,P_C,177,-0.036634038,-0.100618458,0.027194154,6.00E-04,Legume,Cover crop
6,P_C,50,-0.092289849,-0.158263919,-0.024624554,6.00E-04,Grass,Cover crop
6,P_C,45,0.142806287,0.00529293,0.279780818,6.00E-04,MTT,Cover crop
6,P_C,59,0.266294875,0.027069834,0.512904245,6.00E-04,OtherCC,Cover crop
7,K_C,83,-0.063420405,-0.134493051,0.005919941,0.0218,Legume,Cover crop
7,K_C,29,-0.017068417,-0.10512908,0.071078414,0.0218,Grass,Cover crop
7,K_C,41,0.129465935,-0.00489132,0.267745388,0.0218,MTT,Cover crop
7,K_C,28,0.086535263,-0.054092451,0.233439066,0.0218,OtherCC,Cover crop
8,pH_C,94,0.001208166,-0.008715984,0.011235849,0.1138,Legume,Cover crop
8,pH_C,33,0.011827227,0.000914049,0.022473134,0.1138,Grass,Cover crop
8,pH_C,45,0.005989403,-0.009527448,0.021963874,0.1138,MTT,Cover crop
8,pH_C,79,0.024439957,0.005570183,0.043220055,0.1138,OtherCC,Cover crop
9,CEC_C,20,0.043672863,-0.042200746,0.129897727,0.195,Legume,Cover crop
9,CEC_C,12,0.026548364,-0.041424583,0.094645582,0.195,Grass,Cover crop
9,CEC_C,35,0.135702482,0.064502816,0.202120917,0.195,MTT,Cover crop
9,CEC_C,16,0.083748135,-0.014284229,0.183101535,0.195,OtherCC,Cover crop
10,EC_C,10,0.273602132,-0.031138478,0.589703015,0.1596,Legume,Cover crop
10,EC_C,0,NA,NA,NA,0.1596,Grass,Cover crop
10,EC_C,22,0.133996002,-0.054201181,0.323178832,0.1596,MTT,Cover crop
10,EC_C,19,-0.076590213,-0.286038096,0.131431184,0.1596,OtherCC,Cover crop
11,BS_C,4,-0.158958887,-0.227308808,-0.090608967,0.0093,Legume,Cover crop
11,BS_C,1,-0.016205045,-0.016205045,-0.016205045,0.0093,Grass,Cover crop
11,BS_C,5,0.066435964,0.01047143,0.122068044,0.0093,MTT,Cover crop
11,BS_C,0,NA,NA,NA,0.0093,OtherCC,Cover crop
12,Aggre_C,94,0.117219491,0.0547747,0.179809474,0.7209,Legume,Cover crop
12,Aggre_C,97,0.148168805,0.109038257,0.187117404,0.7209,Grass,Cover crop
12,Aggre_C,28,0.076799511,0.014513123,0.142237541,0.7209,MTT,Cover crop
12,Aggre_C,43,0.134511591,-0.010137694,0.282420744,0.7209,OtherCC,Cover crop
13,Porosity_C,4,-0.180270901,-0.308072366,-0.052469437,0.4154,Legume,Cover crop
13,Porosity_C,67,0.100013196,-0.007693832,0.207132242,0.4154,Grass,Cover crop
13,Porosity_C,6,0.060510616,-0.1198712,0.246529572,0.4154,MTT,Cover crop
13,Porosity_C,8,0.313928259,0.048961094,0.573749473,0.4154,OtherCC,Cover crop
14,Penetration_C,44,0.069994053,-0.000778636,0.139042973,0.8327,Legume,Cover crop
14,Penetration_C,80,0.068257958,0.011842483,0.125040279,0.8327,Grass,Cover crop
14,Penetration_C,24,0.017442692,-0.017750764,0.053570866,0.8327,MTT,Cover crop
14,Penetration_C,8,0.033988638,-0.060001018,0.125385828,0.8327,OtherCC,Cover crop
15,Infiltration_C,22,0.59876833,0.380367255,0.81286613,0.7078,Legume,Cover crop
15,Infiltration_C,16,0.482306726,0.198203867,0.767975034,0.7078,Grass,Cover crop
15,Infiltration_C,3,1.037658912,-0.523248144,2.598565968,0.7078,MTT,Cover crop
15,Infiltration_C,1,-0.005865119,-0.005865119,-0.005865119,0.7078,OtherCC,Cover crop
16,Ksat_C,21,2.06744879,1.721407108,2.43075411,0,Legume,Cover crop
16,Ksat_C,29,0.123156171,-0.278164741,0.491203083,0,Grass,Cover crop
16,Ksat_C,6,0.466640075,0.105144261,0.828135889,0,MTT,Cover crop
16,Ksat_C,2,0.002366597,-0.42073258,0.425465775,0,OtherCC,Cover crop
17,Erosion_C,5,-0.453522232,-0.84617982,-0.053767749,0.0269,Legume,Cover crop
17,Erosion_C,71,-1.584362174,-1.920444014,-1.249847469,0.0269,Grass,Cover crop
17,Erosion_C,3,-0.226607074,-0.26731477,-0.185899378,0.0269,MTT,Cover crop
17,Erosion_C,4,-0.082775328,-0.55103674,0.385486083,0.0269,OtherCC,Cover crop
18,Runoff_C,42,-1.34996948,-1.645180742,-1.052350992,0.1929,Legume,Cover crop
18,Runoff_C,73,-1.384829579,-1.708405406,-1.070693284,0.1929,Grass,Cover crop
18,Runoff_C,3,-0.200912952,-0.244196961,-0.157628944,0.1929,MTT,Cover crop
18,Runoff_C,2,-0.021202208,-0.021202208,-0.021202208,0.1929,OtherCC,Cover crop
19,Leaching_C,48,-0.312227619,-0.493877427,-0.132472491,0.0043,Legume,Cover crop
19,Leaching_C,180,-1.084014157,-1.340737721,-0.832444127,0.0043,Grass,Cover crop
19,Leaching_C,25,-1.522684781,-1.951946128,-1.103941675,0.0043,MTT,Cover crop
19,Leaching_C,14,-0.717427907,-1.182771482,-0.245311789,0.0043,OtherCC,Cover crop
20,ST_C,10,-0.080810435,-0.128142288,-0.033000088,1.00E-04,Legume,Cover crop
20,ST_C,30,-0.073492893,-0.089383672,-0.057347866,1.00E-04,Grass,Cover crop
20,ST_C,3,0.169270245,-0.044451763,0.382992252,1.00E-04,MTT,Cover crop
20,ST_C,2,-0.056034602,-0.120005753,0.00793655,1.00E-04,OtherCC,Cover crop
21,SWC_C,301,-0.000275913,-0.023362336,0.023352465,0,Legume,Cover crop
21,SWC_C,110,0.067660708,0.035197056,0.099890176,0,Grass,Cover crop
21,SWC_C,20,0.036288392,-0.065389295,0.137033952,0,MTT,Cover crop
21,SWC_C,21,-0.236622294,-0.436373112,-0.041205483,0,OtherCC,Cover crop
22,AWHC_C,45,-0.183625232,-0.24267185,-0.123653716,2.00E-04,Legume,Cover crop
22,AWHC_C,13,-0.039543143,-0.11649589,0.038042012,2.00E-04,Grass,Cover crop
22,AWHC_C,8,0.096509405,-0.055613792,0.243324637,2.00E-04,MTT,Cover crop
22,AWHC_C,9,0.061385143,-0.04922172,0.171992005,2.00E-04,OtherCC,Cover crop
23,Weed_C,59,-0.849028959,-1.342359369,-0.334594271,0,Legume,Cover crop
23,Weed_C,123,-0.417370837,-0.573060008,-0.263284122,0,Grass,Cover crop
23,Weed_C,52,-1.829991153,-2.270072431,-1.371057535,0,MTT,Cover crop
23,Weed_C,47,0.57749296,0.133713564,1.030602867,0,OtherCC,Cover crop
24,Diseases_C,4,-0.168844504,-0.345168515,0.007479506,0.0233,Legume,Cover crop
24,Diseases_C,9,-0.161426586,-0.253929506,-0.06668759,0.0233,Grass,Cover crop
24,Diseases_C,0,NA,NA,NA,0.0233,MTT,Cover crop
24,Diseases_C,7,-0.709516744,-1.104378243,-0.316075835,0.0233,OtherCC,Cover crop
25,Pests_C,29,-0.421260655,-0.650154641,-0.186085035,0,Legume,Cover crop
25,Pests_C,16,0.258597006,-0.012845023,0.532512599,0,Grass,Cover crop
25,Pests_C,0,NA,NA,NA,0,MTT,Cover crop
25,Pests_C,12,0.683172445,0.305209754,1.050616307,0,OtherCC,Cover crop
26,SoilFauna_C,20,0.351364213,0.016568549,0.685136389,0.0696,Legume,Cover crop
26,SoilFauna_C,18,0.020866369,-0.17087828,0.210330135,0.0696,Grass,Cover crop
26,SoilFauna_C,10,0.649487808,0.354099465,0.936207607,0.0696,MTT,Cover crop
26,SoilFauna_C,6,0.642240242,0.015585141,1.260272286,0.0696,OtherCC,Cover crop
27,Fungal_C,27,0.172263634,0.081723557,0.265210725,0.0013,Legume,Cover crop
27,Fungal_C,33,0.37855549,0.231289742,0.526756162,0.0013,Grass,Cover crop
27,Fungal_C,19,0.471008275,0.238497094,0.712106562,0.0013,MTT,Cover crop
27,Fungal_C,17,0.688311463,0.504957743,0.867510272,0.0013,OtherCC,Cover crop
28,OtherMicrobial_C,63,0.191664096,0.106944229,0.275305999,0.1486,Legume,Cover crop
28,OtherMicrobial_C,40,0.251329742,0.160115231,0.347949242,0.1486,Grass,Cover crop
28,OtherMicrobial_C,34,0.095413443,0.016248087,0.171764429,0.1486,MTT,Cover crop
28,OtherMicrobial_C,37,0.20075384,0.129973598,0.271778375,0.1486,OtherCC,Cover crop
29,Enzyme_C,42,0.073705139,-0.013889808,0.161109753,0,Legume,Cover crop
29,Enzyme_C,45,-0.008330788,-0.05865848,0.041108997,0,Grass,Cover crop
29,Enzyme_C,48,0.2470176,0.185455894,0.309374036,0,MTT,Cover crop
29,Enzyme_C,31,0.2710254,0.177002879,0.361767924,0,OtherCC,Cover crop
30,Cmina_C,73,0.139866384,0.087142776,0.194256196,0.7592,Legume,Cover crop
30,Cmina_C,24,0.107281669,0.042817103,0.171026016,0.7592,Grass,Cover crop
30,Cmina_C,12,0.183919222,0.092592513,0.27421171,0.7592,MTT,Cover crop
30,Cmina_C,11,0.118104557,-0.064627577,0.308758773,0.7592,OtherCC,Cover crop
31,Nmina_C,82,0.200411275,0.099665811,0.302965795,0.0315,Legume,Cover crop
31,Nmina_C,92,0.076662205,-0.027712451,0.188603798,0.0315,Grass,Cover crop
31,Nmina_C,63,0.298857109,0.218668113,0.378996587,0.0315,MTT,Cover crop
31,Nmina_C,51,0.208561249,0.114581665,0.301477503,0.0315,OtherCC,Cover crop
32,NxO_C,6,0.685277568,0.484070015,0.886950293,0.0433,Legume,Cover crop
32,NxO_C,5,0.58332137,0.288901771,0.87774097,0.0433,Grass,Cover crop
32,NxO_C,3,-0.252996637,-0.378653851,-0.127339422,0.0433,MTT,Cover crop
32,NxO_C,16,0.193102207,-0.108128707,0.500630837,0.0433,OtherCC,Cover crop
33,SIR_C,0,NA,NA,NA,0.0291,Legume,Cover crop
33,SIR_C,0,NA,NA,NA,0.0291,Grass,Cover crop
33,SIR_C,2,0,0,0,0.0291,MTT,Cover crop
33,SIR_C,15,-0.214528966,-0.276068201,-0.154558601,0.0291,OtherCC,Cover crop
34,CO2BTest_C,38,0.059066377,-0.036433721,0.157595153,0.0669,Legume,Cover crop
34,CO2BTest_C,20,0.057958496,-0.179341867,0.291882362,0.0669,Grass,Cover crop
34,CO2BTest_C,32,0.247241566,0.150701167,0.347116155,0.0669,MTT,Cover crop
34,CO2BTest_C,16,-0.032296104,-0.213536349,0.156069831,0.0669,OtherCC,Cover crop
35,CO2_C,13,0.411651156,0.241313109,0.583066335,0.2264,Legume,Cover crop
35,CO2_C,5,0.353009308,-0.002465962,0.708484578,0.2264,Grass,Cover crop
35,CO2_C,8,0.516806005,0.136467255,0.908670202,0.2264,MTT,Cover crop
35,CO2_C,17,0.157884544,-0.058147651,0.374792631,0.2264,OtherCC,Cover crop
36,CH4_C,5,0.379132681,0.193250867,0.565014495,6.00E-04,Legume,Cover crop
36,CH4_C,5,0.548633578,0.339532049,0.757735107,6.00E-04,Grass,Cover crop
36,CH4_C,4,1.393522485,0.892310441,1.89473453,6.00E-04,MTT,Cover crop
36,CH4_C,11,0.589352324,0.430599376,0.747631283,6.00E-04,OtherCC,Cover crop
37,MBC_C,99,0.21863507,0.150260145,0.286004495,0,Legume,Cover crop
37,MBC_C,73,0.269201651,0.160889653,0.378126869,0,Grass,Cover crop
37,MBC_C,66,0.399457194,0.318284771,0.480578558,0,MTT,Cover crop
37,MBC_C,79,0.095794873,0.019481597,0.17250803,0,OtherCC,Cover crop
38,MBN_C,53,0.262881819,0.164327582,0.365781395,0.2155,Legume,Cover crop
38,MBN_C,40,0.209518193,0.112893755,0.302186921,0.2155,Grass,Cover crop
38,MBN_C,50,0.289645007,0.22473886,0.353456332,0.2155,MTT,Cover crop
38,MBN_C,40,0.151896704,0.026786092,0.275216145,0.2155,OtherCC,Cover crop
1,BiomassCash_C,101,0.164846111,0.108588896,0.222471804,0,Corn,Grain crop
1,BiomassCash_C,11,-0.068465643,-0.127625888,-0.012095446,0,Soybean,Grain crop
1,BiomassCash_C,65,-0.028812331,-0.103590389,0.046172999,0,Wheat,Grain crop
1,BiomassCash_C,13,0.354571945,0.196291579,0.511680404,0,Vegetable,Grain crop
1,BiomassCash_C,1,-0.097980408,-0.097980408,-0.097980408,0,CS,Grain crop
1,BiomassCash_C,0,NA,NA,NA,0,CSW,Grain crop
1,BiomassCash_C,68,0.039548055,-0.003334022,0.082777647,0,Other,Grain crop
2,Yield_C,578,0.165581004,0.130303244,0.199148958,0,Corn,Grain crop
2,Yield_C,86,-0.021930905,-0.059296018,0.014841607,0,Soybean,Grain crop
2,Yield_C,134,0.006630042,-0.049012442,0.061991295,0,Wheat,Grain crop
2,Yield_C,250,-0.056654192,-0.136926073,0.019359158,0,Vegetable,Grain crop
2,Yield_C,22,-0.045623616,-0.072399197,-0.019557497,0,CS,Grain crop
2,Yield_C,6,-0.01778074,-0.03106329,-0.004498191,0,CSW,Grain crop
2,Yield_C,386,-0.048313025,-0.081960106,-0.015257539,0,Other,Grain crop
3,BD_C,112,-0.010152676,-0.021918204,0.001551519,0.0373,Corn,Grain crop
3,BD_C,52,0.004328111,-0.000867953,0.009647358,0.0373,Soybean,Grain crop
3,BD_C,9,-0.020491715,-0.050320642,0.009172236,0.0373,Wheat,Grain crop
3,BD_C,53,-0.011485603,-0.029567496,0.006020928,0.0373,Vegetable,Grain crop
3,BD_C,120,-0.000917364,-0.011006615,0.00918016,0.0373,CS,Grain crop
3,BD_C,39,-0.01456504,-0.023687204,-0.005504614,0.0373,CSW,Grain crop
3,BD_C,314,-0.017223342,-0.022468331,-0.011946704,0.0373,Other,Grain crop
4,OC_C,230,0.057286999,0.038266506,0.07601203,0.0033,Corn,Grain crop
4,OC_C,87,0.053093061,0.038574965,0.067485336,0.0033,Soybean,Grain crop
4,OC_C,55,0.074748321,0.032609501,0.117047728,0.0033,Wheat,Grain crop
4,OC_C,108,0.111496008,0.064285025,0.159410085,0.0033,Vegetable,Grain crop
4,OC_C,99,0.062095488,0.046128821,0.078502889,0.0033,CS,Grain crop
4,OC_C,38,0.051465922,0.027132187,0.076327138,0.0033,CSW,Grain crop
4,OC_C,578,0.101205401,0.086237072,0.116839117,0.0033,Other,Grain crop
5,N_C,307,0.093755944,0.018524461,0.168064165,0,Corn,Grain crop
5,N_C,0,NA,NA,NA,0,Soybean,Grain crop
5,N_C,208,0.046295175,-0.008663712,0.103179926,0,Wheat,Grain crop
5,N_C,153,-0.045144381,-0.118073571,0.027187445,0,Vegetable,Grain crop
5,N_C,174,-0.346228761,-0.415885801,-0.27644791,0,CS,Grain crop
5,N_C,2,0.134817364,0.112608506,0.157026221,0,CSW,Grain crop
5,N_C,405,0.021788398,-0.012217608,0.054453913,0,Other,Grain crop
6,P_C,98,-0.022755246,-0.11787669,0.071447364,0.4012,Corn,Grain crop
6,P_C,0,NA,NA,NA,0.4012,Soybean,Grain crop
6,P_C,14,0.150881657,-0.057056944,0.362744741,0.4012,Wheat,Grain crop
6,P_C,54,0.058515692,-0.073964788,0.191127996,0.4012,Vegetable,Grain crop
6,P_C,38,0.151077498,0.045557555,0.250297025,0.4012,CS,Grain crop
6,P_C,36,-0.083449536,-0.17549194,0.00986998,0.4012,CSW,Grain crop
6,P_C,91,0.070961097,-0.093251513,0.231060923,0.4012,Other,Grain crop
7,K_C,25,0.143111524,0.031731526,0.254632908,0,Corn,Grain crop
7,K_C,0,NA,NA,NA,0,Soybean,Grain crop
7,K_C,9,0.164428791,-0.075125813,0.398201958,0,Wheat,Grain crop
7,K_C,18,0.315489436,0.125675896,0.496080214,0,Vegetable,Grain crop
7,K_C,32,-0.163433068,-0.268534258,-0.06017009,0,CS,Grain crop
7,K_C,36,-0.142598131,-0.21991822,-0.061638821,0,CSW,Grain crop
7,K_C,61,0.025478029,-0.066817144,0.122138431,0,Other,Grain crop
8,pH_C,26,0.011318402,0.000538892,0.021937549,4.00E-04,Corn,Grain crop
8,pH_C,0,NA,NA,NA,4.00E-04,Soybean,Grain crop
8,pH_C,10,-0.033018165,-0.062941789,-0.003344636,4.00E-04,Wheat,Grain crop
8,pH_C,28,0.054339757,0.015241604,0.093385342,4.00E-04,Vegetable,Grain crop
8,pH_C,32,0.023081908,0.010456536,0.035467321,4.00E-04,CS,Grain crop
8,pH_C,36,0.000734177,-0.011769446,0.012851457,4.00E-04,CSW,Grain crop
8,pH_C,119,0.003655789,-0.007497411,0.014408702,4.00E-04,Other,Grain crop
9,CEC_C,21,0.187602489,0.130958915,0.24679492,1.00E-04,Corn,Grain crop
9,CEC_C,0,NA,NA,NA,1.00E-04,Soybean,Grain crop
9,CEC_C,2,0.206625514,0.13114,0.282111027,1.00E-04,Wheat,Grain crop
9,CEC_C,13,0.217626725,0.061796047,0.379605871,1.00E-04,Vegetable,Grain crop
9,CEC_C,4,0.005555508,-0.194778961,0.205889976,1.00E-04,CS,Grain crop
9,CEC_C,0,NA,NA,NA,1.00E-04,CSW,Grain crop
9,CEC_C,43,-0.004856844,-0.044838385,0.034020462,1.00E-04,Other,Grain crop
10,EC_C,10,0.013600445,-0.04132869,0.066659013,0.2755,Corn,Grain crop
10,EC_C,0,NA,NA,NA,0.2755,Soybean,Grain crop
10,EC_C,4,-0.297056112,-0.73795326,0.143841036,0.2755,Wheat,Grain crop
10,EC_C,16,0.010949816,-0.245880437,0.266703981,0.2755,Vegetable,Grain crop
10,EC_C,4,0.12053945,-0.099969772,0.341048672,0.2755,CS,Grain crop
10,EC_C,0,NA,NA,NA,0.2755,CSW,Grain crop
10,EC_C,17,0.261907463,0.007192974,0.525055039,0.2755,Other,Grain crop
11,BS_C,4,-0.158958887,-0.227308808,-0.090608967,0.0135,Corn,Grain crop
11,BS_C,0,NA,NA,NA,0.0135,Soybean,Grain crop
11,BS_C,0,NA,NA,NA,0.0135,Wheat,Grain crop
11,BS_C,2,0.052917831,0.033673215,0.072162446,0.0135,Vegetable,Grain crop
11,BS_C,0,NA,NA,NA,0.0135,CS,Grain crop
11,BS_C,0,NA,NA,NA,0.0135,CSW,Grain crop
11,BS_C,4,0.05774607,-0.016205045,0.131697186,0.0135,Other,Grain crop
12,Aggre_C,19,0.260111129,0.175692275,0.342185517,0.4447,Corn,Grain crop
12,Aggre_C,7,0.017167465,-0.227348177,0.259485765,0.4447,Soybean,Grain crop
12,Aggre_C,5,0.018955794,-0.135049727,0.172961315,0.4447,Wheat,Grain crop
12,Aggre_C,8,0.146396336,0.043176683,0.25096828,0.4447,Vegetable,Grain crop
12,Aggre_C,81,0.112581885,0.079800609,0.144101207,0.4447,CS,Grain crop
12,Aggre_C,36,0.081169082,0.011479337,0.149516326,0.4447,CSW,Grain crop
12,Aggre_C,106,0.138064249,0.060995185,0.216543781,0.4447,Other,Grain crop
13,Porosity_C,7,0.45610964,-0.221935055,1.152199449,0.0154,Corn,Grain crop
13,Porosity_C,0,NA,NA,NA,0.0154,Soybean,Grain crop
13,Porosity_C,0,NA,NA,NA,0.0154,Wheat,Grain crop
13,Porosity_C,4,0.108568825,0.010233514,0.206904137,0.0154,Vegetable,Grain crop
13,Porosity_C,50,-0.007499573,-0.049785547,0.033784575,0.0154,CS,Grain crop
13,Porosity_C,3,-0.228379201,-0.387765531,-0.068992871,0.0154,CSW,Grain crop
13,Porosity_C,21,0.293316972,0.065906309,0.526555864,0.0154,Other,Grain crop
14,Penetration_C,4,-0.15714493,-0.24698843,-0.06730143,0.0173,Corn,Grain crop
14,Penetration_C,0,NA,NA,NA,0.0173,Soybean,Grain crop
14,Penetration_C,0,NA,NA,NA,0.0173,Wheat,Grain crop
14,Penetration_C,2,0.147972976,0.135437971,0.16050798,0.0173,Vegetable,Grain crop
14,Penetration_C,88,0.036113377,-0.004390647,0.07638416,0.0173,CS,Grain crop
14,Penetration_C,36,0.037447243,0.00617943,0.067655976,0.0173,CSW,Grain crop
14,Penetration_C,26,0.195933576,0.043590677,0.342844337,0.0173,Other,Grain crop
15,Infiltration_C,20,0.583702448,0.36214934,0.806558068,0.6784,Corn,Grain crop
15,Infiltration_C,3,0.527420327,0.445645185,0.609195469,0.6784,Soybean,Grain crop
15,Infiltration_C,0,NA,NA,NA,0.6784,Wheat,Grain crop
15,Infiltration_C,0,NA,NA,NA,0.6784,Vegetable,Grain crop
15,Infiltration_C,4,0.142911669,-0.003778123,0.289601461,0.6784,CS,Grain crop
15,Infiltration_C,0,NA,NA,NA,0.6784,CSW,Grain crop
15,Infiltration_C,15,0.619130582,0.182763029,1.060376941,0.6784,Other,Grain crop
16,Ksat_C,11,0.349709503,-0.501357489,1.202832793,4.00E-04,Corn,Grain crop
16,Ksat_C,0,NA,NA,NA,4.00E-04,Soybean,Grain crop
16,Ksat_C,0,NA,NA,NA,4.00E-04,Wheat,Grain crop
16,Ksat_C,3,-0.110867802,-0.474141974,0.25240637,4.00E-04,Vegetable,Grain crop
16,Ksat_C,14,0.031370374,-0.390074794,0.443574477,4.00E-04,CS,Grain crop
16,Ksat_C,3,0.961974047,0.753137068,1.170811025,4.00E-04,CSW,Grain crop
16,Ksat_C,27,1.599087015,1.160722658,2.040726523,4.00E-04,Other,Grain crop
17,Erosion_C,6,0.591234995,0.324615712,0.863182719,0,Corn,Grain crop
17,Erosion_C,47,-2.139577263,-2.443974505,-1.840511315,0,Soybean,Grain crop
17,Erosion_C,0,NA,NA,NA,0,Wheat,Grain crop
17,Erosion_C,0,NA,NA,NA,0,Vegetable,Grain crop
17,Erosion_C,3,-0.212088909,-0.654925968,0.230748151,0,CS,Grain crop
17,Erosion_C,0,NA,NA,NA,0,CSW,Grain crop
17,Erosion_C,27,-0.642104074,-1.104470623,-0.15538528,0,Other,Grain crop
18,Runoff_C,6,-0.069805655,-0.164898076,0.025286766,1.00E-04,Corn,Grain crop
18,Runoff_C,50,-1.853837874,-2.21433122,-1.480093094,1.00E-04,Soybean,Grain crop
18,Runoff_C,0,NA,NA,NA,1.00E-04,Wheat,Grain crop
18,Runoff_C,0,NA,NA,NA,1.00E-04,Vegetable,Grain crop
18,Runoff_C,0,NA,NA,NA,1.00E-04,CS,Grain crop
18,Runoff_C,0,NA,NA,NA,1.00E-04,CSW,Grain crop
18,Runoff_C,64,-1.031028425,-1.283115121,-0.761084759,1.00E-04,Other,Grain crop
19,Leaching_C,151,-1.158986812,-1.454647035,-0.865035591,0.048,Corn,Grain crop
19,Leaching_C,5,0.42341707,-0.453807357,1.300641497,0.048,Soybean,Grain crop
19,Leaching_C,4,-0.582505667,-1.081484292,-0.083527042,0.048,Wheat,Grain crop
19,Leaching_C,10,-0.515919517,-0.643384874,-0.395278422,0.048,Vegetable,Grain crop
19,Leaching_C,11,-0.396141139,-0.651747103,-0.134865845,0.048,CS,Grain crop
19,Leaching_C,3,0.801180212,0.74661978,0.855740644,0.048,CSW,Grain crop
19,Leaching_C,83,-0.911860388,-1.137283135,-0.691349919,0.048,Other,Grain crop
20,ST_C,1,0.382992252,0.382992252,0.382992252,0,Corn,Grain crop
20,ST_C,2,-0.146491077,-0.199019683,-0.093962471,0,Soybean,Grain crop
20,ST_C,0,NA,NA,NA,0,Wheat,Grain crop
20,ST_C,0,NA,NA,NA,0,Vegetable,Grain crop
20,ST_C,28,-0.067997544,-0.082239393,-0.053625114,0,CS,Grain crop
20,ST_C,0,NA,NA,NA,0,CSW,Grain crop
20,ST_C,14,-0.061299749,-0.106836145,-0.018068106,0,Other,Grain crop
21,SWC_C,16,-0.003034852,-0.074719989,0.068801424,0.0015,Corn,Grain crop
21,SWC_C,18,0.012031583,-0.102191416,0.122421544,0.0015,Soybean,Grain crop
21,SWC_C,62,-0.116447319,-0.192103542,-0.042969216,0.0015,Wheat,Grain crop
21,SWC_C,27,-0.019777138,-0.077759279,0.038489942,0.0015,Vegetable,Grain crop
21,SWC_C,75,0.028734038,0.004021608,0.052739676,0.0015,CS,Grain crop
21,SWC_C,39,0.029968123,0.008997194,0.049957812,0.0015,CSW,Grain crop
21,SWC_C,215,0.032047141,-0.000337516,0.06528999,0.0015,Other,Grain crop
22,AWHC_C,1,0.125163143,0.125163143,0.125163143,0,Corn,Grain crop
22,AWHC_C,0,NA,NA,NA,0,Soybean,Grain crop
22,AWHC_C,45,-0.209885688,-0.263756918,-0.157797805,0,Wheat,Grain crop
22,AWHC_C,1,0.295980875,0.295980875,0.295980875,0,Vegetable,Grain crop
22,AWHC_C,6,0.058443902,0.044257364,0.07263044,0,CS,Grain crop
22,AWHC_C,0,NA,NA,NA,0,CSW,Grain crop
22,AWHC_C,22,0.063571176,-0.010753835,0.13638369,0,Other,Grain crop
23,Weed_C,50,-0.207112053,-0.89150121,0.451637104,0,Corn,Grain crop
23,Weed_C,24,0.621638781,0.047102595,1.204239287,0,Soybean,Grain crop
23,Weed_C,0,NA,NA,NA,0,Wheat,Grain crop
23,Weed_C,145,-0.391790575,-0.503302278,-0.282887119,0,Vegetable,Grain crop
23,Weed_C,0,NA,NA,NA,0,CS,Grain crop
23,Weed_C,0,NA,NA,NA,0,CSW,Grain crop
23,Weed_C,62,-1.864089833,-2.285982233,-1.448988403,0,Other,Grain crop
24,Diseases_C,0,NA,NA,NA,NA,Corn,Grain crop
24,Diseases_C,0,NA,NA,NA,NA,Soybean,Grain crop
24,Diseases_C,0,NA,NA,NA,NA,Wheat,Grain crop
24,Diseases_C,0,NA,NA,NA,NA,Vegetable,Grain crop
24,Diseases_C,0,NA,NA,NA,NA,CS,Grain crop
24,Diseases_C,0,NA,NA,NA,NA,CSW,Grain crop
24,Diseases_C,20,-0.366246079,-0.541547261,-0.176958797,NA,Other,Grain crop
25,Pests_C,0,NA,NA,NA,0.744,Corn,Grain crop
25,Pests_C,0,NA,NA,NA,0.744,Soybean,Grain crop
25,Pests_C,0,NA,NA,NA,0.744,Wheat,Grain crop
25,Pests_C,47,-0.014457541,-0.251608985,0.226077803,0.744,Vegetable,Grain crop
25,Pests_C,0,NA,NA,NA,0.744,CS,Grain crop
25,Pests_C,0,NA,NA,NA,0.744,CSW,Grain crop
25,Pests_C,10,0.099764441,-0.053886253,0.258768612,0.744,Other,Grain crop
26,SoilFauna_C,1,0.356674944,0.356674944,0.356674944,0.0279,Corn,Grain crop
26,SoilFauna_C,0,NA,NA,NA,0.0279,Soybean,Grain crop
26,SoilFauna_C,4,0.640545629,0.033685829,1.247405429,0.0279,Wheat,Grain crop
26,SoilFauna_C,25,0.023022166,-0.121965588,0.157386887,0.0279,Vegetable,Grain crop
26,SoilFauna_C,0,NA,NA,NA,0.0279,CS,Grain crop
26,SoilFauna_C,0,NA,NA,NA,0.0279,CSW,Grain crop
26,SoilFauna_C,24,0.577464456,0.254232671,0.900745842,0.0279,Other,Grain crop
27,Fungal_C,6,0.918700156,0.510273195,1.327900856,1.00E-04,Corn,Grain crop
27,Fungal_C,0,NA,NA,NA,1.00E-04,Soybean,Grain crop
27,Fungal_C,0,NA,NA,NA,1.00E-04,Wheat,Grain crop
27,Fungal_C,38,0.204898936,0.108137456,0.303897166,1.00E-04,Vegetable,Grain crop
27,Fungal_C,0,NA,NA,NA,1.00E-04,CS,Grain crop
27,Fungal_C,0,NA,NA,NA,1.00E-04,CSW,Grain crop
27,Fungal_C,52,0.465124753,0.349378073,0.588843165,1.00E-04,Other,Grain crop
28,OtherMicrobial_C,0,NA,NA,NA,0.013,Corn,Grain crop
28,OtherMicrobial_C,0,NA,NA,NA,0.013,Soybean,Grain crop
28,OtherMicrobial_C,0,NA,NA,NA,0.013,Wheat,Grain crop
28,OtherMicrobial_C,49,0.096126376,0.016387021,0.175132239,0.013,Vegetable,Grain crop
28,OtherMicrobial_C,0,NA,NA,NA,0.013,CS,Grain crop
28,OtherMicrobial_C,0,NA,NA,NA,0.013,CSW,Grain crop
28,OtherMicrobial_C,125,0.222864666,0.172827212,0.27235429,0.013,Other,Grain crop
29,Enzyme_C,0,NA,NA,NA,0.0604,Corn,Grain crop
29,Enzyme_C,0,NA,NA,NA,0.0604,Soybean,Grain crop
29,Enzyme_C,2,-0.014259708,-0.029182767,0.00066335,0.0604,Wheat,Grain crop
29,Enzyme_C,47,0.226135625,0.144596083,0.305439527,0.0604,Vegetable,Grain crop
29,Enzyme_C,4,0.130577477,-0.059053368,0.320208322,0.0604,CS,Grain crop
29,Enzyme_C,0,NA,NA,NA,0.0604,CSW,Grain crop
29,Enzyme_C,113,0.10412951,0.05731988,0.150309626,0.0604,Other,Grain crop
30,Cmina_C,0,NA,NA,NA,0.0034,Corn,Grain crop
30,Cmina_C,4,-0.098857836,-0.12894447,-0.068771203,0.0034,Soybean,Grain crop
30,Cmina_C,7,0.164615971,-0.018216612,0.332959758,0.0034,Wheat,Grain crop
30,Cmina_C,16,0.293943315,0.078264705,0.511035458,0.0034,Vegetable,Grain crop
30,Cmina_C,32,0.098973619,0.052393314,0.144150942,0.0034,CS,Grain crop
30,Cmina_C,36,0.078295329,0.059518102,0.096924145,0.0034,CSW,Grain crop
30,Cmina_C,25,0.193311913,0.116221779,0.268650774,0.0034,Other,Grain crop
31,Nmina_C,18,0.12623568,-0.010567524,0.261726221,0.1072,Corn,Grain crop
31,Nmina_C,6,0.173710268,0.048889018,0.298072222,0.1072,Soybean,Grain crop
31,Nmina_C,26,0.049579035,-0.123857925,0.227182977,0.1072,Wheat,Grain crop
31,Nmina_C,79,0.112728649,-0.02744859,0.249048772,0.1072,Vegetable,Grain crop
31,Nmina_C,32,0.152175552,0.051593914,0.247462053,0.1072,CS,Grain crop
31,Nmina_C,0,NA,NA,NA,0.1072,CSW,Grain crop
31,Nmina_C,127,0.272061858,0.210963318,0.335191817,0.1072,Other,Grain crop
32,NxO_C,0,NA,NA,NA,NA,Corn,Grain crop
32,NxO_C,0,NA,NA,NA,NA,Soybean,Grain crop
32,NxO_C,0,NA,NA,NA,NA,Wheat,Grain crop
32,NxO_C,0,NA,NA,NA,NA,Vegetable,Grain crop
32,NxO_C,0,NA,NA,NA,NA,CS,Grain crop
32,NxO_C,0,NA,NA,NA,NA,CSW,Grain crop
32,NxO_C,30,0.331422371,0.125754717,0.542940919,NA,Other,Grain crop
33,SIR_C,0,NA,NA,NA,NA,Corn,Grain crop
33,SIR_C,0,NA,NA,NA,NA,Soybean,Grain crop
33,SIR_C,0,NA,NA,NA,NA,Wheat,Grain crop
33,SIR_C,0,NA,NA,NA,NA,Vegetable,Grain crop
33,SIR_C,0,NA,NA,NA,NA,CS,Grain crop
33,SIR_C,0,NA,NA,NA,NA,CSW,Grain crop
33,SIR_C,17,-0.191459708,-0.253448592,-0.127717747,NA,Other,Grain crop
34,CO2BTest_C,1,1.5,1.5,1.5,0.036,Corn,Grain crop
34,CO2BTest_C,0,NA,NA,NA,0.036,Soybean,Grain crop
34,CO2BTest_C,20,0.137061636,0.103308133,0.172030997,0.036,Wheat,Grain crop
34,CO2BTest_C,0,NA,NA,NA,0.036,Vegetable,Grain crop
34,CO2BTest_C,0,NA,NA,NA,0.036,CS,Grain crop
34,CO2BTest_C,0,NA,NA,NA,0.036,CSW,Grain crop
34,CO2BTest_C,85,0.085882609,0.000476393,0.173489191,0.036,Other,Grain crop
35,CO2_C,1,1.5,1.5,1.5,0.0098,Corn,Grain crop
35,CO2_C,0,NA,NA,NA,0.0098,Soybean,Grain crop
35,CO2_C,2,0.710501595,0.647920443,0.773082747,0.0098,Wheat,Grain crop
35,CO2_C,11,0.380737439,0.088590553,0.688680105,0.0098,Vegetable,Grain crop
35,CO2_C,0,NA,NA,NA,0.0098,CS,Grain crop
35,CO2_C,0,NA,NA,NA,0.0098,CSW,Grain crop
35,CO2_C,29,0.222947119,0.088830271,0.356210951,0.0098,Other,Grain crop
36,CH4_C,0,NA,NA,NA,NA,Corn,Grain crop
36,CH4_C,0,NA,NA,NA,NA,Soybean,Grain crop
36,CH4_C,0,NA,NA,NA,NA,Wheat,Grain crop
36,CH4_C,0,NA,NA,NA,NA,Vegetable,Grain crop
36,CH4_C,0,NA,NA,NA,NA,CS,Grain crop
36,CH4_C,0,NA,NA,NA,NA,CSW,Grain crop
36,CH4_C,25,0.69038568,0.506117378,0.883484634,NA,Other,Grain crop
37,MBC_C,1,0.225904713,0.225904713,0.225904713,0,Corn,Grain crop
37,MBC_C,4,0.029514338,0.023723877,0.0353048,0,Soybean,Grain crop
37,MBC_C,24,0.202548454,0.176763098,0.22898585,0,Wheat,Grain crop
37,MBC_C,72,0.508248655,0.393566077,0.623904216,0,Vegetable,Grain crop
37,MBC_C,32,0.078729944,-0.050478807,0.212126952,0,CS,Grain crop
37,MBC_C,24,0.468737555,0.326260155,0.613868029,0,CSW,Grain crop
37,MBC_C,160,0.119276995,0.07709508,0.163461628,0,Other,Grain crop
38,MBN_C,1,0.628608659,0.628608659,0.628608659,0.3232,Corn,Grain crop
38,MBN_C,0,NA,NA,NA,0.3232,Soybean,Grain crop
38,MBN_C,29,0.261081068,0.133500344,0.395508494,0.3232,Wheat,Grain crop
38,MBN_C,60,0.185655033,0.106168577,0.261346507,0.3232,Vegetable,Grain crop
38,MBN_C,0,NA,NA,NA,0.3232,CS,Grain crop
38,MBN_C,0,NA,NA,NA,0.3232,CSW,Grain crop
38,MBN_C,93,0.246386202,0.179017674,0.315286651,0.3232,Other,Grain crop
